{
  "type": "FeatureCollection",
  "features": [
    {
      "type": "Feature",
      "properties": {
        "fid": 1,
        "id": 14715,
        "road_class": "NH",
        "road_refno": "NH11",
        "road_name": "Phikkal-Shreeantu-Chabbise, Ilam",
        "link_code": "NH11-001",
        "link_name": "Phikkal - Chhabise",
        "link_ori": null,
        "link_des": null,
        "link_from": 0,
        "link_to": 24.71,
        "link_len": 24.71,
        "div_name": "Ilam",
        "dist_name": "Ilam",
        "dyear": "2025",
        "upload_by": "P.Malla",
        "add_date": "2024-06-04",
        "old_link": "F15601",
        "shp_len": 17.249,
        "orderid": null,
        "road_code": null,
        "iyear": null,
        "inotes": null,
        "iupdate": null,
        "iprogram": null,
        "from_ch": null,
        "to_ch": null,
        "from_long": null,
        "from_lat": null,
        "to_long": null,
        "to_lat": null,
        "pave_type": null,
        "pave_thick": null,
        "base_thick": null,
        "subbase_th": null,
        "pave_width": null,
        "for_width": null,
        "no_lanes": null,
        "subgrade_t": null,
        "left_shoul": null,
        "left_sho_1": null,
        "right_shou": null,
        "right_sh_1": null,
        "constructi": null,
        "last_resur": null,
        "dcode": null,
        "sdi_value": null,
        "iri_value": null,
        "aadt_value": null,
        "com_veh": null,
        "layer": "links_2022_23_44N1",
        "path": "E:/output/links_2022_23_44N1.shp"
      },
      "geometry": {
        "type": "MultiLineString",
        "coordinates": [
          [
            [
              88,
              26.8913291
            ],
            [
              88,
              26.8905151
            ],
            [
              88,
              26.8905778
            ],
            [
              88,
              26.891074
            ],
            [
              88,
              26.8903244
            ],
            [
              88,
              26.8910557
            ],
            [
              88,
              26.8910375
            ],
            [
              88,
              26.8924062
            ],
            [
              88,
              26.8927764
            ],
            [
              88,
              26.8933715
            ],
            [
              88,
              26.8929767
            ],
            [
              88,
              26.8914756
            ],
            [
              88,
              26.8924866
            ],
            [
              88,
              26.8923111
            ],
            [
              88,
              26.8916011
            ],
            [
              88,
              26.8917538
            ],
            [
              88,
              26.8911051
            ],
            [
              88,
              26.8917699
            ],
            [
              88,
              26.8924662
            ],
            [
              88,
              26.8923415
            ],
            [
              88,
              26.8917427
            ],
            [
              88,
              26.8902004
            ],
            [
              88,
              26.8896881
            ],
            [
              88,
              26.8894137
            ],
            [
              88,
              26.890862
            ],
            [
              88,
              26.8895545
            ],
            [
              88,
              26.8902705
            ],
            [
              88,
              26.8894285
            ],
            [
              88,
              26.8898562
            ],
            [
              88,
              26.8897931
            ],
            [
              88,
              26.8902335
            ],
            [
              88,
              26.890358
            ],
            [
              88,
              26.8895687
            ],
            [
              88,
              26.8908675
            ],
            [
              88,
              26.8897371
            ],
            [
              88,
              26.8914371
            ],
            [
              88,
              26.8911942
            ],
            [
              88,
              26.8891211
            ],
            [
              88,
              26.8911605
            ],
            [
              88,
              26.8902836
            ],
            [
              88,
              26.8897603
            ],
            [
              88,
              26.8904007
            ],
            [
              88,
              26.8915191
            ],
            [
              88,
              26.8904676
            ],
            [
              88,
              26.890294
            ],
            [
              88,
              26.8911167
            ],
            [
              88,
              26.8903306
            ],
            [
              88,
              26.8918206
            ],
            [
              88,
              26.8920899
            ],
            [
              88,
              26.8935341
            ],
            [
              88,
              26.8938854
            ],
            [
              88,
              26.8917445
            ],
            [
              88,
              26.8889793
            ],
            [
              88,
              26.8871521
            ],
            [
              88,
              26.8880412
            ],
            [
              88,
              26.8880348
            ],
            [
              88,
              26.8897379
            ],
            [
              88,
              26.8898914
            ],
            [
              88,
              26.8888731
            ],
            [
              88,
              26.8882476
            ],
            [
              88,
              26.888737
            ],
            [
              88,
              26.8898264
            ],
            [
              88,
              26.8898158
            ],
            [
              88,
              26.8891406
            ],
            [
              88,
              26.8889999
            ],
            [
              88,
              26.8894007
            ],
            [
              88,
              26.890893
            ],
            [
              88,
              26.8912204
            ],
            [
              88,
              26.8921981
            ],
            [
              88,
              26.8930493
            ],
            [
              88,
              26.891576
            ],
            [
              88,
              26.8925617
            ],
            [
              88,
              26.8960883
            ],
            [
              88,
              26.8952247
            ],
            [
              88,
              26.8954364
            ],
            [
              88,
              26.8957618
            ],
            [
              88,
              26.8973214
            ],
            [
              88,
              26.8975777
            ],
            [
              88,
              26.9000731
            ],
            [
              88,
              26.9012701
            ],
            [
              88,
              26.9027749
            ],
            [
              88,
              26.904063
            ],
            [
              88,
              26.9048548
            ],
            [
              88,
              26.9076456
            ],
            [
              88,
              26.9092175
            ],
            [
              88,
              26.9096762
            ],
            [
              88,
              26.910635
            ],
            [
              88,
              26.9130337
            ],
            [
              88,
              26.9132704
            ],
            [
              88,
              26.9158861
            ],
            [
              88,
              26.9174267
            ],
            [
              88,
              26.9185009
            ],
            [
              88,
              26.9181801
            ],
            [
              88,
              26.9198351
            ],
            [
              88,
              26.9203829
            ],
            [
              88,
              26.9211236
            ],
            [
              88,
              26.9193914
            ],
            [
              88,
              26.9193537
            ],
            [
              88,
              26.9199485
            ],
            [
              88,
              26.9198445
            ],
            [
              88,
              26.9216225
            ],
            [
              88,
              26.9224894
            ],
            [
              88,
              26.923061
            ]
          ]
        ]
      }
    },
    {
      "type": "Feature",
      "properties": {
        "fid": 2,
        "id": 14715,
        "road_class": "NH",
        "road_refno": "NH11",
        "road_name": "Phikkal-Shreeantu-Chabbise, Ilam",
        "link_code": "NH11-001",
        "link_name": "Phikkal - Chhabise",
        "link_ori": null,
        "link_des": null,
        "link_from": 0,
        "link_to": 24.71,
        "link_len": 24.71,
        "div_name": "Ilam",
        "dist_name": "Ilam",
        "dyear": "2025",
        "upload_by": "P.Malla",
        "add_date": "2024-06-04",
        "old_link": "F15601",
        "shp_len": 17.249,
        "orderid": null,
        "road_code": null,
        "iyear": null,
        "inotes": null,
        "iupdate": null,
        "iprogram": null,
        "from_ch": null,
        "to_ch": null,
        "from_long": null,
        "from_lat": null,
        "to_long": null,
        "to_lat": null,
        "pave_type": null,
        "pave_thick": null,
        "base_thick": null,
        "subbase_th": null,
        "pave_width": null,
        "for_width": null,
        "no_lanes": null,
        "subgrade_t": null,
        "left_shoul": null,
        "left_sho_1": null,
        "right_shou": null,
        "right_sh_1": null,
        "constructi": null,
        "last_resur": null,
        "dcode": null,
        "sdi_value": null,
        "iri_value": null,
        "aadt_value": null,
        "com_veh": null,
        "layer": "links_2022_23_44N2",
        "path": "E:/output/links_2022_23_44N2.shp"
      },
      "geometry": {
        "type": "MultiLineString",
        "coordinates": [
          [
            [
              88,
              26.8913291
            ],
            [
              88,
              26.891294
            ],
            [
              88,
              26.891261
            ],
            [
              88,
              26.8910877
            ],
            [
              88,
              26.8908495
            ],
            [
              88,
              26.8907785
            ],
            [
              88,
              26.8906658
            ],
            [
              88,
              26.8905615
            ],
            [
              88,
              26.8905432
            ],
            [
              88,
              26.8905421
            ],
            [
              88,
              26.8905265
            ],
            [
              88,
              26.8905151
            ],
            [
              88,
              26.8905069
            ],
            [
              88,
              26.890505
            ],
            [
              88,
              26.890512
            ],
            [
              88,
              26.8905274
            ],
            [
              88,
              26.8905668
            ],
            [
              88,
              26.8905837
            ],
            [
              88,
              26.8906715
            ],
            [
              88,
              26.8906806
            ],
            [
              88,
              26.8907047
            ],
            [
              88,
              26.8907211
            ],
            [
              88,
              26.8907255
            ],
            [
              88,
              26.8907245
            ],
            [
              88,
              26.890718
            ],
            [
              88,
              26.8906708
            ],
            [
              88,
              26.8906662
            ],
            [
              88,
              26.8905819
            ],
            [
              88,
              26.8905725
            ],
            [
              88,
              26.8905717
            ],
            [
              88,
              26.8905729
            ],
            [
              88,
              26.8905778
            ],
            [
              88,
              26.8905861
            ],
            [
              88,
              26.890597
            ],
            [
              88,
              26.8906071
            ],
            [
              88,
              26.8906372
            ],
            [
              88,
              26.8906618
            ],
            [
              88,
              26.8906819
            ],
            [
              88,
              26.8906973
            ],
            [
              88,
              26.8907128
            ],
            [
              88,
              26.8907359
            ],
            [
              88,
              26.8907658
            ],
            [
              88,
              26.8907947
            ],
            [
              88,
              26.8908277
            ],
            [
              88,
              26.8908579
            ],
            [
              88,
              26.8908987
            ],
            [
              88,
              26.8909247
            ],
            [
              88,
              26.8909545
            ],
            [
              88,
              26.8909901
            ],
            [
              88,
              26.8910136
            ],
            [
              88,
              26.8910305
            ],
            [
              88,
              26.8910511
            ],
            [
              88,
              26.8910652
            ],
            [
              88,
              26.8910712
            ],
            [
              88,
              26.8910743
            ],
            [
              88,
              26.891074
            ],
            [
              88,
              26.8910721
            ],
            [
              88,
              26.8910638
            ],
            [
              88,
              26.8910539
            ],
            [
              88,
              26.8910374
            ],
            [
              88,
              26.8910365
            ],
            [
              88,
              26.891011
            ],
            [
              88,
              26.8909893
            ],
            [
              88,
              26.8909719
            ],
            [
              88,
              26.8909517
            ],
            [
              88,
              26.890823
            ],
            [
              88,
              26.8906623
            ],
            [
              88,
              26.8906129
            ],
            [
              88,
              26.8905944
            ],
            [
              88,
              26.8905825
            ],
            [
              88,
              26.8905807
            ],
            [
              88,
              26.8905704
            ],
            [
              88,
              26.8905639
            ],
            [
              88,
              26.8905602
            ],
            [
              88,
              26.8905594
            ],
            [
              88,
              26.8905613
            ],
            [
              88,
              26.8905713
            ],
            [
              88,
              26.8906716
            ],
            [
              88,
              26.8906734
            ],
            [
              88,
              26.8906851
            ],
            [
              88,
              26.8906893
            ],
            [
              88,
              26.890687
            ],
            [
              88,
              26.8906758
            ],
            [
              88,
              26.8906642
            ],
            [
              88,
              26.8906374
            ],
            [
              88,
              26.8905073
            ],
            [
              88,
              26.8904797
            ],
            [
              88,
              26.8904327
            ],
            [
              88,
              26.8903978
            ],
            [
              88,
              26.890335
            ],
            [
              88,
              26.8903267
            ],
            [
              88,
              26.8903244
            ],
            [
              88,
              26.8903263
            ],
            [
              88,
              26.890342
            ],
            [
              88,
              26.8903511
            ],
            [
              88,
              26.8903683
            ],
            [
              88,
              26.8903863
            ],
            [
              88,
              26.8904102
            ],
            [
              88,
              26.8904397
            ],
            [
              88,
              26.8904735
            ],
            [
              88,
              26.8905138
            ],
            [
              88,
              26.8905462
            ],
            [
              88,
              26.890619
            ],
            [
              88,
              26.890648
            ],
            [
              88,
              26.8906656
            ],
            [
              88,
              26.8906866
            ],
            [
              88,
              26.8907072
            ],
            [
              88,
              26.8907265
            ],
            [
              88,
              26.8907354
            ],
            [
              88,
              26.8907379
            ],
            [
              88,
              26.890745
            ],
            [
              88,
              26.8907467
            ],
            [
              88,
              26.8907567
            ],
            [
              88,
              26.8907691
            ],
            [
              88,
              26.8907904
            ],
            [
              88,
              26.8907923
            ],
            [
              88,
              26.8908213
            ],
            [
              88,
              26.8908521
            ],
            [
              88,
              26.8909268
            ],
            [
              88,
              26.8909619
            ],
            [
              88,
              26.8909886
            ],
            [
              88,
              26.8909993
            ],
            [
              88,
              26.8910159
            ],
            [
              88,
              26.891034
            ],
            [
              88,
              26.891044
            ],
            [
              88,
              26.8910557
            ],
            [
              88,
              26.8910594
            ],
            [
              88,
              26.8910596
            ],
            [
              88,
              26.8910567
            ],
            [
              88,
              26.891046
            ],
            [
              88,
              26.8910234
            ],
            [
              88,
              26.8909448
            ],
            [
              88,
              26.8909358
            ],
            [
              88,
              26.8909299
            ],
            [
              88,
              26.8909264
            ],
            [
              88,
              26.8909248
            ],
            [
              88,
              26.8909196
            ],
            [
              88,
              26.8909181
            ],
            [
              88,
              26.890918
            ],
            [
              88,
              26.8909246
            ],
            [
              88,
              26.8909307
            ],
            [
              88,
              26.8909721
            ],
            [
              88,
              26.8909724
            ],
            [
              88,
              26.8910095
            ],
            [
              88,
              26.8910111
            ],
            [
              88,
              26.8910026
            ],
            [
              88,
              26.8909861
            ],
            [
              88,
              26.8909491
            ],
            [
              88,
              26.8909371
            ],
            [
              88,
              26.8909392
            ],
            [
              88,
              26.8910022
            ],
            [
              88,
              26.8910371
            ],
            [
              88,
              26.8910485
            ],
            [
              88,
              26.8910498
            ],
            [
              88,
              26.8910355
            ],
            [
              88,
              26.8910052
            ],
            [
              88,
              26.8909895
            ],
            [
              88,
              26.890978
            ],
            [
              88,
              26.8909773
            ],
            [
              88,
              26.8909884
            ],
            [
              88,
              26.8910039
            ],
            [
              88,
              26.8910187
            ],
            [
              88,
              26.8910319
            ],
            [
              88,
              26.8910409
            ],
            [
              88,
              26.891042
            ],
            [
              88,
              26.8910356
            ],
            [
              88,
              26.8910254
            ],
            [
              88,
              26.8910286
            ],
            [
              88,
              26.8910375
            ],
            [
              88,
              26.8910511
            ],
            [
              88,
              26.8910918
            ],
            [
              88,
              26.8911922
            ],
            [
              88,
              26.8912084
            ],
            [
              88,
              26.8912196
            ],
            [
              88,
              26.8912263
            ],
            [
              88,
              26.8912631
            ],
            [
              88,
              26.891301
            ],
            [
              88,
              26.8913204
            ],
            [
              88,
              26.8913375
            ],
            [
              88,
              26.8913511
            ],
            [
              88,
              26.8913641
            ],
            [
              88,
              26.8913769
            ],
            [
              88,
              26.8916513
            ],
            [
              88,
              26.8916812
            ],
            [
              88,
              26.8917177
            ],
            [
              88,
              26.8918348
            ],
            [
              88,
              26.8918545
            ],
            [
              88,
              26.8918629
            ],
            [
              88,
              26.8918601
            ],
            [
              88,
              26.8918509
            ],
            [
              88,
              26.891849
            ],
            [
              88,
              26.8918556
            ],
            [
              88,
              26.8918656
            ],
            [
              88,
              26.891893
            ],
            [
              88,
              26.8919279
            ],
            [
              88,
              26.891969
            ],
            [
              88,
              26.8919869
            ],
            [
              88,
              26.8920051
            ],
            [
              88,
              26.8920133
            ],
            [
              88,
              26.8920294
            ],
            [
              88,
              26.8920459
            ],
            [
              88,
              26.8920752
            ],
            [
              88,
              26.8921362
            ],
            [
              88,
              26.8921854
            ],
            [
              88,
              26.8922225
            ],
            [
              88,
              26.892285
            ],
            [
              88,
              26.8923208
            ],
            [
              88,
              26.8923557
            ],
            [
              88,
              26.8923783
            ],
            [
              88,
              26.8924
            ],
            [
              88,
              26.8924062
            ],
            [
              88,
              26.8924345
            ],
            [
              88,
              26.8924615
            ],
            [
              88,
              26.8924766
            ],
            [
              88,
              26.8924943
            ],
            [
              88,
              26.8925143
            ],
            [
              88,
              26.8925313
            ],
            [
              88,
              26.8925574
            ],
            [
              88,
              26.892588
            ],
            [
              88,
              26.8926294
            ],
            [
              88,
              26.8926674
            ],
            [
              88,
              26.8926858
            ],
            [
              88,
              26.8926987
            ],
            [
              88,
              26.8927094
            ],
            [
              88,
              26.8927153
            ],
            [
              88,
              26.8927177
            ],
            [
              88,
              26.8927346
            ],
            [
              88,
              26.8927441
            ],
            [
              88,
              26.8927511
            ],
            [
              88,
              26.8927654
            ],
            [
              88,
              26.8927764
            ],
            [
              88,
              26.8927933
            ],
            [
              88,
              26.8928097
            ],
            [
              88,
              26.8928328
            ],
            [
              88,
              26.8928691
            ],
            [
              88,
              26.8928923
            ],
            [
              88,
              26.8929213
            ],
            [
              88,
              26.8929993
            ],
            [
              88,
              26.8930044
            ],
            [
              88,
              26.8931574
            ],
            [
              88,
              26.8933032
            ],
            [
              88,
              26.8933168
            ],
            [
              88,
              26.8933266
            ],
            [
              88,
              26.8933295
            ],
            [
              88,
              26.8933458
            ],
            [
              88,
              26.8933548
            ],
            [
              88,
              26.8933652
            ],
            [
              88,
              26.8933714
            ],
            [
              88,
              26.8933726
            ],
            [
              88,
              26.8933738
            ],
            [
              88,
              26.8933725
            ],
            [
              88,
              26.8933715
            ],
            [
              88,
              26.8933662
            ],
            [
              88,
              26.8933649
            ],
            [
              88,
              26.8933577
            ],
            [
              88,
              26.8933301
            ],
            [
              88,
              26.893326
            ],
            [
              88,
              26.8932584
            ],
            [
              88,
              26.8932089
            ],
            [
              88,
              26.8931892
            ],
            [
              88,
              26.893182
            ],
            [
              88,
              26.8931627
            ],
            [
              88,
              26.8931256
            ],
            [
              88,
              26.8930903
            ],
            [
              88,
              26.8930572
            ],
            [
              88,
              26.8930353
            ],
            [
              88,
              26.8930163
            ],
            [
              88,
              26.8929973
            ],
            [
              88,
              26.8929767
            ],
            [
              88,
              26.8929538
            ],
            [
              88,
              26.8929145
            ],
            [
              88,
              26.8927927
            ],
            [
              88,
              26.892486
            ],
            [
              88,
              26.8924576
            ],
            [
              88,
              26.8924434
            ],
            [
              88,
              26.8924222
            ],
            [
              88,
              26.8924043
            ],
            [
              88,
              26.8923843
            ],
            [
              88,
              26.8922939
            ],
            [
              88,
              26.8922405
            ],
            [
              88,
              26.8922245
            ],
            [
              88,
              26.8922035
            ],
            [
              88,
              26.892115
            ],
            [
              88,
              26.8919658
            ],
            [
              88,
              26.8918854
            ],
            [
              88,
              26.8918623
            ],
            [
              88,
              26.8918386
            ],
            [
              88,
              26.8918054
            ],
            [
              88,
              26.8916991
            ],
            [
              88,
              26.8916538
            ],
            [
              88,
              26.8916351
            ],
            [
              88,
              26.8916171
            ],
            [
              88,
              26.8916047
            ],
            [
              88,
              26.8916007
            ],
            [
              88,
              26.8915809
            ],
            [
              88,
              26.8915291
            ],
            [
              88,
              26.8914972
            ],
            [
              88,
              26.89148
            ],
            [
              88,
              26.8914756
            ],
            [
              88,
              26.8914835
            ],
            [
              88,
              26.8915559
            ],
            [
              88,
              26.8915735
            ],
            [
              88,
              26.8917913
            ],
            [
              88,
              26.8918889
            ],
            [
              88,
              26.8920076
            ],
            [
              88,
              26.8920826
            ],
            [
              88,
              26.8920895
            ],
            [
              88,
              26.8921044
            ],
            [
              88,
              26.8921164
            ],
            [
              88,
              26.8921258
            ],
            [
              88,
              26.8921496
            ],
            [
              88,
              26.8921674
            ],
            [
              88,
              26.8921737
            ],
            [
              88,
              26.8922789
            ],
            [
              88,
              26.8923182
            ],
            [
              88,
              26.8923443
            ],
            [
              88,
              26.8924107
            ],
            [
              88,
              26.8924537
            ],
            [
              88,
              26.8924731
            ],
            [
              88,
              26.8924864
            ],
            [
              88,
              26.8924866
            ],
            [
              88,
              26.8924711
            ],
            [
              88,
              26.892431
            ],
            [
              88,
              26.8923863
            ],
            [
              88,
              26.8923672
            ],
            [
              88,
              26.8923656
            ],
            [
              88,
              26.8923698
            ],
            [
              88,
              26.8923785
            ],
            [
              88,
              26.8923844
            ],
            [
              88,
              26.8923921
            ],
            [
              88,
              26.8924002
            ],
            [
              88,
              26.8923997
            ],
            [
              88,
              26.8923963
            ],
            [
              88,
              26.8923869
            ],
            [
              88,
              26.8923822
            ],
            [
              88,
              26.8923613
            ],
            [
              88,
              26.8923393
            ],
            [
              88,
              26.8923197
            ],
            [
              88,
              26.8923111
            ],
            [
              88,
              26.8922737
            ],
            [
              88,
              26.8922463
            ],
            [
              88,
              26.8922082
            ],
            [
              88,
              26.8921036
            ],
            [
              88,
              26.8918925
            ],
            [
              88,
              26.8918691
            ],
            [
              88,
              26.8918495
            ],
            [
              88,
              26.891831
            ],
            [
              88,
              26.89178
            ],
            [
              88,
              26.8917591
            ],
            [
              88,
              26.8917203
            ],
            [
              88,
              26.8916781
            ],
            [
              88,
              26.8916373
            ],
            [
              88,
              26.8916369
            ],
            [
              88,
              26.8916183
            ],
            [
              88,
              26.8916011
            ],
            [
              88,
              26.8915832
            ],
            [
              88,
              26.89158
            ],
            [
              88,
              26.8915538
            ],
            [
              88,
              26.8915393
            ],
            [
              88,
              26.8915297
            ],
            [
              88,
              26.8915296
            ],
            [
              88,
              26.8915373
            ],
            [
              88,
              26.8915807
            ],
            [
              88,
              26.8916539
            ],
            [
              88,
              26.8916645
            ],
            [
              88,
              26.8916676
            ],
            [
              88,
              26.8916899
            ],
            [
              88,
              26.8917116
            ],
            [
              88,
              26.8917183
            ],
            [
              88,
              26.8917279
            ],
            [
              88,
              26.8917481
            ],
            [
              88,
              26.8917588
            ],
            [
              88,
              26.8917602
            ],
            [
              88,
              26.8917607
            ],
            [
              88,
              26.8917538
            ],
            [
              88,
              26.8917385
            ],
            [
              88,
              26.8916984
            ],
            [
              88,
              26.8916751
            ],
            [
              88,
              26.8916408
            ],
            [
              88,
              26.8916197
            ],
            [
              88,
              26.8915928
            ],
            [
              88,
              26.8915253
            ],
            [
              88,
              26.8914931
            ],
            [
              88,
              26.8914739
            ],
            [
              88,
              26.8914562
            ],
            [
              88,
              26.8914408
            ],
            [
              88,
              26.8914117
            ],
            [
              88,
              26.891407
            ],
            [
              88,
              26.8913836
            ],
            [
              88,
              26.8912611
            ],
            [
              88,
              26.89123
            ],
            [
              88,
              26.8911463
            ],
            [
              88,
              26.8911257
            ],
            [
              88,
              26.8911124
            ],
            [
              88,
              26.8911087
            ],
            [
              88,
              26.8911051
            ],
            [
              88,
              26.8911094
            ],
            [
              88,
              26.8911153
            ],
            [
              88,
              26.8911608
            ],
            [
              88,
              26.891163
            ],
            [
              88,
              26.8911862
            ],
            [
              88,
              26.8911934
            ],
            [
              88,
              26.8912432
            ],
            [
              88,
              26.8913334
            ],
            [
              88,
              26.8914604
            ],
            [
              88,
              26.8914898
            ],
            [
              88,
              26.8915757
            ],
            [
              88,
              26.8916956
            ],
            [
              88,
              26.8917383
            ],
            [
              88,
              26.8917509
            ],
            [
              88,
              26.8917699
            ],
            [
              88,
              26.8917928
            ],
            [
              88,
              26.8918298
            ],
            [
              88,
              26.8918551
            ],
            [
              88,
              26.8918851
            ],
            [
              88,
              26.8919154
            ],
            [
              88,
              26.8919523
            ],
            [
              88,
              26.8919539
            ],
            [
              88,
              26.8921232
            ],
            [
              88,
              26.8922128
            ],
            [
              88,
              26.8923086
            ],
            [
              88,
              26.8923425
            ],
            [
              88,
              26.8923786
            ],
            [
              88,
              26.892402
            ],
            [
              88,
              26.8924028
            ],
            [
              88,
              26.8924167
            ],
            [
              88,
              26.8924216
            ],
            [
              88,
              26.8924397
            ],
            [
              88,
              26.8924515
            ],
            [
              88,
              26.8924662
            ],
            [
              88,
              26.89247
            ],
            [
              88,
              26.8924741
            ],
            [
              88,
              26.8924803
            ],
            [
              88,
              26.8924876
            ],
            [
              88,
              26.8924913
            ],
            [
              88,
              26.8924924
            ],
            [
              88,
              26.89245
            ],
            [
              88,
              26.8924228
            ],
            [
              88,
              26.8924128
            ],
            [
              88,
              26.8923785
            ],
            [
              88,
              26.8923541
            ],
            [
              88,
              26.8923415
            ],
            [
              88,
              26.8923209
            ],
            [
              88,
              26.8922262
            ],
            [
              88,
              26.8920667
            ],
            [
              88,
              26.8919144
            ],
            [
              88,
              26.891848
            ],
            [
              88,
              26.8918383
            ],
            [
              88,
              26.8917682
            ],
            [
              88,
              26.8917427
            ],
            [
              88,
              26.8917
            ],
            [
              88,
              26.8916279
            ],
            [
              88,
              26.8914572
            ],
            [
              88,
              26.891232
            ],
            [
              88,
              26.8911992
            ],
            [
              88,
              26.8911713
            ],
            [
              88,
              26.891135
            ],
            [
              88,
              26.8911134
            ],
            [
              88,
              26.8911016
            ],
            [
              88,
              26.8910827
            ],
            [
              88,
              26.8910652
            ],
            [
              88,
              26.8910505
            ],
            [
              88,
              26.8910484
            ],
            [
              88,
              26.8910309
            ],
            [
              88,
              26.8910139
            ],
            [
              88,
              26.8909898
            ],
            [
              88,
              26.8909504
            ],
            [
              88,
              26.8909342
            ],
            [
              88,
              26.8908056
            ],
            [
              88,
              26.8905474
            ],
            [
              88,
              26.8904737
            ],
            [
              88,
              26.8904357
            ],
            [
              88,
              26.8903856
            ],
            [
              88,
              26.8902962
            ],
            [
              88,
              26.8902004
            ],
            [
              88,
              26.8901785
            ],
            [
              88,
              26.8901514
            ],
            [
              88,
              26.890139
            ],
            [
              88,
              26.8901341
            ],
            [
              88,
              26.8901328
            ],
            [
              88,
              26.8901312
            ],
            [
              88,
              26.8901337
            ],
            [
              88,
              26.8901357
            ],
            [
              88,
              26.8901484
            ],
            [
              88,
              26.8901843
            ],
            [
              88,
              26.8901874
            ],
            [
              88,
              26.8901806
            ],
            [
              88,
              26.8901692
            ],
            [
              88,
              26.8901225
            ],
            [
              88,
              26.8901065
            ],
            [
              88,
              26.8899851
            ],
            [
              88,
              26.889875
            ],
            [
              88,
              26.8897887
            ],
            [
              88,
              26.8897372
            ],
            [
              88,
              26.8897198
            ],
            [
              88,
              26.8897028
            ],
            [
              88,
              26.8896881
            ],
            [
              88,
              26.8896729
            ],
            [
              88,
              26.8896599
            ],
            [
              88,
              26.8896466
            ],
            [
              88,
              26.8896402
            ],
            [
              88,
              26.889638
            ],
            [
              88,
              26.8896377
            ],
            [
              88,
              26.8896361
            ],
            [
              88,
              26.889635
            ],
            [
              88,
              26.8896428
            ],
            [
              88,
              26.8896546
            ],
            [
              88,
              26.8896569
            ],
            [
              88,
              26.8896811
            ],
            [
              88,
              26.8897644
            ],
            [
              88,
              26.8897926
            ],
            [
              88,
              26.889808
            ],
            [
              88,
              26.8898083
            ],
            [
              88,
              26.8897973
            ],
            [
              88,
              26.8897783
            ],
            [
              88,
              26.8897499
            ],
            [
              88,
              26.8897267
            ],
            [
              88,
              26.889619
            ],
            [
              88,
              26.8895989
            ],
            [
              88,
              26.8894728
            ],
            [
              88,
              26.8894507
            ],
            [
              88,
              26.8894341
            ],
            [
              88,
              26.8894211
            ],
            [
              88,
              26.8894137
            ],
            [
              88,
              26.8894171
            ],
            [
              88,
              26.8894237
            ],
            [
              88,
              26.8894702
            ],
            [
              88,
              26.889486
            ],
            [
              88,
              26.8895019
            ],
            [
              88,
              26.8895207
            ],
            [
              88,
              26.88956
            ],
            [
              88,
              26.8896907
            ],
            [
              88,
              26.8898002
            ],
            [
              88,
              26.8899599
            ],
            [
              88,
              26.8900793
            ],
            [
              88,
              26.8901885
            ],
            [
              88,
              26.890361
            ],
            [
              88,
              26.8904068
            ],
            [
              88,
              26.8904352
            ],
            [
              88,
              26.89047
            ],
            [
              88,
              26.8905149
            ],
            [
              88,
              26.8905456
            ],
            [
              88,
              26.8905716
            ],
            [
              88,
              26.8907079
            ],
            [
              88,
              26.8907186
            ],
            [
              88,
              26.8907394
            ],
            [
              88,
              26.8907661
            ],
            [
              88,
              26.8908053
            ],
            [
              88,
              26.8908276
            ],
            [
              88,
              26.8908441
            ],
            [
              88,
              26.8908566
            ],
            [
              88,
              26.890862
            ],
            [
              88,
              26.8908598
            ],
            [
              88,
              26.89085
            ],
            [
              88,
              26.8908252
            ],
            [
              88,
              26.8907923
            ],
            [
              88,
              26.8907499
            ],
            [
              88,
              26.8906943
            ],
            [
              88,
              26.8906869
            ],
            [
              88,
              26.8906821
            ],
            [
              88,
              26.890646
            ],
            [
              88,
              26.8905724
            ],
            [
              88,
              26.8904342
            ],
            [
              88,
              26.8901896
            ],
            [
              88,
              26.8899744
            ],
            [
              88,
              26.8898286
            ],
            [
              88,
              26.8895702
            ],
            [
              88,
              26.8895545
            ],
            [
              88,
              26.8895482
            ],
            [
              88,
              26.8895489
            ],
            [
              88,
              26.889552
            ],
            [
              88,
              26.8895683
            ],
            [
              88,
              26.889605
            ],
            [
              88,
              26.8896374
            ],
            [
              88,
              26.8896864
            ],
            [
              88,
              26.8897311
            ],
            [
              88,
              26.8897962
            ],
            [
              88,
              26.889858
            ],
            [
              88,
              26.8898685
            ],
            [
              88,
              26.8899354
            ],
            [
              88,
              26.8900661
            ],
            [
              88,
              26.8901205
            ],
            [
              88,
              26.890176
            ],
            [
              88,
              26.8901958
            ],
            [
              88,
              26.8901963
            ],
            [
              88,
              26.8901968
            ],
            [
              88,
              26.8902263
            ],
            [
              88,
              26.8902542
            ],
            [
              88,
              26.8902705
            ],
            [
              88,
              26.8902727
            ],
            [
              88,
              26.8902807
            ],
            [
              88,
              26.8902623
            ],
            [
              88,
              26.8902317
            ],
            [
              88,
              26.8901906
            ],
            [
              88,
              26.8900528
            ],
            [
              88,
              26.8900468
            ],
            [
              88,
              26.8900214
            ],
            [
              88,
              26.8899905
            ],
            [
              88,
              26.8899476
            ],
            [
              88,
              26.8899117
            ],
            [
              88,
              26.8898818
            ],
            [
              88,
              26.889861
            ],
            [
              88,
              26.8898351
            ],
            [
              88,
              26.8898168
            ],
            [
              88,
              26.8898032
            ],
            [
              88,
              26.8897796
            ],
            [
              88,
              26.8897624
            ],
            [
              88,
              26.889746
            ],
            [
              88,
              26.8897378
            ],
            [
              88,
              26.8897182
            ],
            [
              88,
              26.8896965
            ],
            [
              88,
              26.8896669
            ],
            [
              88,
              26.8896297
            ],
            [
              88,
              26.8895384
            ],
            [
              88,
              26.8894947
            ],
            [
              88,
              26.8894725
            ],
            [
              88,
              26.8894549
            ],
            [
              88,
              26.8894504
            ],
            [
              88,
              26.8894362
            ],
            [
              88,
              26.8894312
            ],
            [
              88,
              26.8894285
            ],
            [
              88,
              26.8894362
            ],
            [
              88,
              26.8894536
            ],
            [
              88,
              26.8894714
            ],
            [
              88,
              26.8895076
            ],
            [
              88,
              26.889554
            ],
            [
              88,
              26.8895909
            ],
            [
              88,
              26.889781
            ],
            [
              88,
              26.8898111
            ],
            [
              88,
              26.8898441
            ],
            [
              88,
              26.8898521
            ],
            [
              88,
              26.8898562
            ],
            [
              88,
              26.8898669
            ],
            [
              88,
              26.8898685
            ],
            [
              88,
              26.8898376
            ],
            [
              88,
              26.8897743
            ],
            [
              88,
              26.8897627
            ],
            [
              88,
              26.8897597
            ],
            [
              88,
              26.8897626
            ],
            [
              88,
              26.8897931
            ],
            [
              88,
              26.8898063
            ],
            [
              88,
              26.8898259
            ],
            [
              88,
              26.8898482
            ],
            [
              88,
              26.8898788
            ],
            [
              88,
              26.8899157
            ],
            [
              88,
              26.8899628
            ],
            [
              88,
              26.8900009
            ],
            [
              88,
              26.8900158
            ],
            [
              88,
              26.8900351
            ],
            [
              88,
              26.8900554
            ],
            [
              88,
              26.8900788
            ],
            [
              88,
              26.8900796
            ],
            [
              88,
              26.890097
            ],
            [
              88,
              26.890109
            ],
            [
              88,
              26.8901127
            ],
            [
              88,
              26.8901123
            ],
            [
              88,
              26.8901197
            ],
            [
              88,
              26.8901308
            ],
            [
              88,
              26.8901541
            ],
            [
              88,
              26.8901762
            ],
            [
              88,
              26.8902092
            ],
            [
              88,
              26.8902335
            ],
            [
              88,
              26.8902541
            ],
            [
              88,
              26.8902758
            ],
            [
              88,
              26.8902964
            ],
            [
              88,
              26.8903111
            ],
            [
              88,
              26.8903565
            ],
            [
              88,
              26.890358
            ],
            [
              88,
              26.8903561
            ],
            [
              88,
              26.8903551
            ],
            [
              88,
              26.8903545
            ],
            [
              88,
              26.8903512
            ],
            [
              88,
              26.8903427
            ],
            [
              88,
              26.8903182
            ],
            [
              88,
              26.8903173
            ],
            [
              88,
              26.8902896
            ],
            [
              88,
              26.8902296
            ],
            [
              88,
              26.8901031
            ],
            [
              88,
              26.8900699
            ],
            [
              88,
              26.8899999
            ],
            [
              88,
              26.8899444
            ],
            [
              88,
              26.8899057
            ],
            [
              88,
              26.8898393
            ],
            [
              88,
              26.8898377
            ],
            [
              88,
              26.8897054
            ],
            [
              88,
              26.8896692
            ],
            [
              88,
              26.8896355
            ],
            [
              88,
              26.8896144
            ],
            [
              88,
              26.8895946
            ],
            [
              88,
              26.8895769
            ],
            [
              88,
              26.8895631
            ],
            [
              88,
              26.8895619
            ],
            [
              88,
              26.8895539
            ],
            [
              88,
              26.8895481
            ],
            [
              88,
              26.8895505
            ],
            [
              88,
              26.8895583
            ],
            [
              88,
              26.8895687
            ],
            [
              88,
              26.8895865
            ],
            [
              88,
              26.8896171
            ],
            [
              88,
              26.8896442
            ],
            [
              88,
              26.8896818
            ],
            [
              88,
              26.8898045
            ],
            [
              88,
              26.8900499
            ],
            [
              88,
              26.8901508
            ],
            [
              88,
              26.8902134
            ],
            [
              88,
              26.8902314
            ],
            [
              88,
              26.8904311
            ],
            [
              88,
              26.8904947
            ],
            [
              88,
              26.89053
            ],
            [
              88,
              26.8905573
            ],
            [
              88,
              26.8905749
            ],
            [
              88,
              26.8905845
            ],
            [
              88,
              26.8905928
            ],
            [
              88,
              26.8906145
            ],
            [
              88,
              26.8906362
            ],
            [
              88,
              26.890641
            ],
            [
              88,
              26.8906542
            ],
            [
              88,
              26.8906975
            ],
            [
              88,
              26.890719
            ],
            [
              88,
              26.8907612
            ],
            [
              88,
              26.8907738
            ],
            [
              88,
              26.890791
            ],
            [
              88,
              26.8908056
            ],
            [
              88,
              26.8908183
            ],
            [
              88,
              26.8908252
            ],
            [
              88,
              26.8908388
            ],
            [
              88,
              26.8908463
            ],
            [
              88,
              26.8908544
            ],
            [
              88,
              26.8908675
            ],
            [
              88,
              26.8908685
            ],
            [
              88,
              26.890859
            ],
            [
              88,
              26.8908468
            ],
            [
              88,
              26.8908275
            ],
            [
              88,
              26.890804
            ],
            [
              88,
              26.8907226
            ],
            [
              88,
              26.8906604
            ],
            [
              88,
              26.8906054
            ],
            [
              88,
              26.8906038
            ],
            [
              88,
              26.8904877
            ],
            [
              88,
              26.8904352
            ],
            [
              88,
              26.8903779
            ],
            [
              88,
              26.8903286
            ],
            [
              88,
              26.8902832
            ],
            [
              88,
              26.8902058
            ],
            [
              88,
              26.8899997
            ],
            [
              88,
              26.8899163
            ],
            [
              88,
              26.889831
            ],
            [
              88,
              26.8897851
            ],
            [
              88,
              26.8897619
            ],
            [
              88,
              26.8897498
            ],
            [
              88,
              26.8897457
            ],
            [
              88,
              26.8897447
            ],
            [
              88,
              26.8897371
            ],
            [
              88,
              26.8897444
            ],
            [
              88,
              26.8897581
            ],
            [
              88,
              26.8897786
            ],
            [
              88,
              26.8898042
            ],
            [
              88,
              26.8899808
            ],
            [
              88,
              26.8900277
            ],
            [
              88,
              26.8900822
            ],
            [
              88,
              26.8901051
            ],
            [
              88,
              26.8901532
            ],
            [
              88,
              26.8902921
            ],
            [
              88,
              26.8904345
            ],
            [
              88,
              26.8905099
            ],
            [
              88,
              26.8906361
            ],
            [
              88,
              26.8907239
            ],
            [
              88,
              26.8907834
            ],
            [
              88,
              26.8908115
            ],
            [
              88,
              26.8908516
            ],
            [
              88,
              26.890892
            ],
            [
              88,
              26.8909231
            ],
            [
              88,
              26.8909769
            ],
            [
              88,
              26.8910285
            ],
            [
              88,
              26.8910726
            ],
            [
              88,
              26.8911092
            ],
            [
              88,
              26.8911398
            ],
            [
              88,
              26.8911745
            ],
            [
              88,
              26.8911747
            ],
            [
              88,
              26.8912143
            ],
            [
              88,
              26.8912432
            ],
            [
              88,
              26.8912701
            ],
            [
              88,
              26.891292
            ],
            [
              88,
              26.8913136
            ],
            [
              88,
              26.8913251
            ],
            [
              88,
              26.8913449
            ],
            [
              88,
              26.8913704
            ],
            [
              88,
              26.8914016
            ],
            [
              88,
              26.8914146
            ],
            [
              88,
              26.89143
            ],
            [
              88,
              26.8914418
            ],
            [
              88,
              26.8914452
            ],
            [
              88,
              26.8914445
            ],
            [
              88,
              26.8914371
            ],
            [
              88,
              26.8912976
            ],
            [
              88,
              26.8912759
            ],
            [
              88,
              26.8912618
            ],
            [
              88,
              26.8912584
            ],
            [
              88,
              26.8912325
            ],
            [
              88,
              26.8911942
            ],
            [
              88,
              26.8911274
            ],
            [
              88,
              26.8910822
            ],
            [
              88,
              26.8908947
            ],
            [
              88,
              26.8907369
            ],
            [
              88,
              26.8906429
            ],
            [
              88,
              26.8906092
            ],
            [
              88,
              26.8905932
            ],
            [
              88,
              26.8905564
            ],
            [
              88,
              26.8905041
            ],
            [
              88,
              26.8904798
            ],
            [
              88,
              26.8904376
            ],
            [
              88,
              26.8903946
            ],
            [
              88,
              26.8902958
            ],
            [
              88,
              26.8902353
            ],
            [
              88,
              26.8901976
            ],
            [
              88,
              26.8901472
            ],
            [
              88,
              26.890076
            ],
            [
              88,
              26.8898365
            ],
            [
              88,
              26.8897216
            ],
            [
              88,
              26.8895098
            ],
            [
              88,
              26.8893101
            ],
            [
              88,
              26.8891948
            ],
            [
              88,
              26.8891592
            ],
            [
              88,
              26.8891321
            ],
            [
              88,
              26.8891242
            ],
            [
              88,
              26.889122
            ],
            [
              88,
              26.8891211
            ],
            [
              88,
              26.8891242
            ],
            [
              88,
              26.8891334
            ],
            [
              88,
              26.8891469
            ],
            [
              88,
              26.889164
            ],
            [
              88,
              26.8891872
            ],
            [
              88,
              26.8892131
            ],
            [
              88,
              26.8892169
            ],
            [
              88,
              26.889246
            ],
            [
              88,
              26.8892885
            ],
            [
              88,
              26.8893955
            ],
            [
              88,
              26.889475
            ],
            [
              88,
              26.8895421
            ],
            [
              88,
              26.8895793
            ],
            [
              88,
              26.889612
            ],
            [
              88,
              26.8896439
            ],
            [
              88,
              26.8898848
            ],
            [
              88,
              26.8901655
            ],
            [
              88,
              26.8903579
            ],
            [
              88,
              26.8904594
            ],
            [
              88,
              26.8906731
            ],
            [
              88,
              26.8908831
            ],
            [
              88,
              26.8911276
            ],
            [
              88,
              26.891146
            ],
            [
              88,
              26.8911605
            ],
            [
              88,
              26.8911624
            ],
            [
              88,
              26.8911597
            ],
            [
              88,
              26.8911487
            ],
            [
              88,
              26.8911334
            ],
            [
              88,
              26.8911183
            ],
            [
              88,
              26.8910884
            ],
            [
              88,
              26.8910527
            ],
            [
              88,
              26.8910219
            ],
            [
              88,
              26.8909675
            ],
            [
              88,
              26.8907467
            ],
            [
              88,
              26.8905475
            ],
            [
              88,
              26.8904512
            ],
            [
              88,
              26.8903943
            ],
            [
              88,
              26.8903544
            ],
            [
              88,
              26.8903175
            ],
            [
              88,
              26.8902836
            ],
            [
              88,
              26.8902699
            ],
            [
              88,
              26.8902461
            ],
            [
              88,
              26.8902301
            ],
            [
              88,
              26.8902214
            ],
            [
              88,
              26.8901936
            ],
            [
              88,
              26.8901228
            ],
            [
              88,
              26.8901141
            ],
            [
              88,
              26.8901098
            ],
            [
              88,
              26.8900929
            ],
            [
              88,
              26.8900727
            ],
            [
              88,
              26.8900618
            ],
            [
              88,
              26.8899914
            ],
            [
              88,
              26.8899542
            ],
            [
              88,
              26.8899226
            ],
            [
              88,
              26.8898223
            ],
            [
              88,
              26.8897603
            ],
            [
              88,
              26.8897525
            ],
            [
              88,
              26.8897437
            ],
            [
              88,
              26.889743
            ],
            [
              88,
              26.8897546
            ],
            [
              88,
              26.8897719
            ],
            [
              88,
              26.8897887
            ],
            [
              88,
              26.8898043
            ],
            [
              88,
              26.8898186
            ],
            [
              88,
              26.8898473
            ],
            [
              88,
              26.8898892
            ],
            [
              88,
              26.8899202
            ],
            [
              88,
              26.8899433
            ],
            [
              88,
              26.8899685
            ],
            [
              88,
              26.8900047
            ],
            [
              88,
              26.8900452
            ],
            [
              88,
              26.8900792
            ],
            [
              88,
              26.8901154
            ],
            [
              88,
              26.8901583
            ],
            [
              88,
              26.8902206
            ],
            [
              88,
              26.8902918
            ],
            [
              88,
              26.8903604
            ],
            [
              88,
              26.8904007
            ],
            [
              88,
              26.8904071
            ],
            [
              88,
              26.890519
            ],
            [
              88,
              26.8905597
            ],
            [
              88,
              26.8906852
            ],
            [
              88,
              26.8907939
            ],
            [
              88,
              26.8909808
            ],
            [
              88,
              26.8910427
            ],
            [
              88,
              26.8910693
            ],
            [
              88,
              26.8911275
            ],
            [
              88,
              26.8911974
            ],
            [
              88,
              26.8912548
            ],
            [
              88,
              26.8913362
            ],
            [
              88,
              26.8914353
            ],
            [
              88,
              26.8914873
            ],
            [
              88,
              26.8914886
            ],
            [
              88,
              26.8915191
            ],
            [
              88,
              26.8915302
            ],
            [
              88,
              26.8915343
            ],
            [
              88,
              26.8915105
            ],
            [
              88,
              26.8914841
            ],
            [
              88,
              26.8914597
            ],
            [
              88,
              26.8914294
            ],
            [
              88,
              26.8913952
            ],
            [
              88,
              26.8913533
            ],
            [
              88,
              26.8913157
            ],
            [
              88,
              26.8912826
            ],
            [
              88,
              26.8912346
            ],
            [
              88,
              26.8911831
            ],
            [
              88,
              26.8911065
            ],
            [
              88,
              26.8910346
            ],
            [
              88,
              26.890959
            ],
            [
              88,
              26.8908969
            ],
            [
              88,
              26.8908497
            ],
            [
              88,
              26.89078
            ],
            [
              88,
              26.8907236
            ],
            [
              88,
              26.8906758
            ],
            [
              88,
              26.8906304
            ],
            [
              88,
              26.8906039
            ],
            [
              88,
              26.8905792
            ],
            [
              88,
              26.890559
            ],
            [
              88,
              26.8905432
            ],
            [
              88,
              26.8905336
            ],
            [
              88,
              26.8905159
            ],
            [
              88,
              26.8905029
            ],
            [
              88,
              26.8904878
            ],
            [
              88,
              26.8904676
            ],
            [
              88,
              26.8904364
            ],
            [
              88,
              26.8904192
            ],
            [
              88,
              26.8902997
            ],
            [
              88,
              26.8902941
            ],
            [
              88,
              26.8902893
            ],
            [
              88,
              26.8902882
            ],
            [
              88,
              26.890294
            ],
            [
              88,
              26.8903066
            ],
            [
              88,
              26.8903307
            ],
            [
              88,
              26.8903517
            ],
            [
              88,
              26.8903767
            ],
            [
              88,
              26.8904218
            ],
            [
              88,
              26.8904841
            ],
            [
              88,
              26.8905329
            ],
            [
              88,
              26.8906005
            ],
            [
              88,
              26.8906526
            ],
            [
              88,
              26.8906996
            ],
            [
              88,
              26.8907502
            ],
            [
              88,
              26.8908219
            ],
            [
              88,
              26.8908701
            ],
            [
              88,
              26.8909857
            ],
            [
              88,
              26.8910258
            ],
            [
              88,
              26.8910565
            ],
            [
              88,
              26.8910671
            ],
            [
              88,
              26.8910935
            ],
            [
              88,
              26.8911068
            ],
            [
              88,
              26.8911199
            ],
            [
              88,
              26.8911167
            ],
            [
              88,
              26.8910998
            ],
            [
              88,
              26.8910664
            ],
            [
              88,
              26.8910354
            ],
            [
              88,
              26.8909907
            ],
            [
              88,
              26.8909603
            ],
            [
              88,
              26.8909289
            ],
            [
              88,
              26.8908998
            ],
            [
              88,
              26.8908747
            ],
            [
              88,
              26.8908378
            ],
            [
              88,
              26.8907909
            ],
            [
              88,
              26.8907532
            ],
            [
              88,
              26.8907001
            ],
            [
              88,
              26.8906576
            ],
            [
              88,
              26.8906076
            ],
            [
              88,
              26.8905607
            ],
            [
              88,
              26.8905547
            ],
            [
              88,
              26.8905191
            ],
            [
              88,
              26.8904824
            ],
            [
              88,
              26.8904549
            ],
            [
              88,
              26.8904407
            ],
            [
              88,
              26.8903682
            ],
            [
              88,
              26.8903289
            ],
            [
              88,
              26.8903212
            ],
            [
              88,
              26.8903159
            ],
            [
              88,
              26.8903306
            ],
            [
              88,
              26.8903556
            ],
            [
              88,
              26.8903797
            ],
            [
              88,
              26.8904175
            ],
            [
              88,
              26.8904909
            ],
            [
              88,
              26.8905454
            ],
            [
              88,
              26.8905838
            ],
            [
              88,
              26.8906151
            ],
            [
              88,
              26.8906653
            ],
            [
              88,
              26.8906986
            ],
            [
              88,
              26.8907458
            ],
            [
              88,
              26.8907935
            ],
            [
              88,
              26.8908269
            ],
            [
              88,
              26.8908727
            ],
            [
              88,
              26.8909034
            ],
            [
              88,
              26.8909465
            ],
            [
              88,
              26.8909607
            ],
            [
              88,
              26.8909743
            ],
            [
              88,
              26.8910656
            ],
            [
              88,
              26.8911247
            ],
            [
              88,
              26.8911939
            ],
            [
              88,
              26.8912346
            ],
            [
              88,
              26.8912618
            ],
            [
              88,
              26.8912844
            ],
            [
              88,
              26.89131
            ],
            [
              88,
              26.8913383
            ],
            [
              88,
              26.8913616
            ],
            [
              88,
              26.8913717
            ],
            [
              88,
              26.8913757
            ],
            [
              88,
              26.8913875
            ],
            [
              88,
              26.8914015
            ],
            [
              88,
              26.8914271
            ],
            [
              88,
              26.8914514
            ],
            [
              88,
              26.8914794
            ],
            [
              88,
              26.8916801
            ],
            [
              88,
              26.8917131
            ],
            [
              88,
              26.8917457
            ],
            [
              88,
              26.8917684
            ],
            [
              88,
              26.8917908
            ],
            [
              88,
              26.8918206
            ],
            [
              88,
              26.8918755
            ],
            [
              88,
              26.8919143
            ],
            [
              88,
              26.8919306
            ],
            [
              88,
              26.8919399
            ],
            [
              88,
              26.8919478
            ],
            [
              88,
              26.8919493
            ],
            [
              88,
              26.8919548
            ],
            [
              88,
              26.8919706
            ],
            [
              88,
              26.8919858
            ],
            [
              88,
              26.8919882
            ],
            [
              88,
              26.8920043
            ],
            [
              88,
              26.8920331
            ],
            [
              88,
              26.892047
            ],
            [
              88,
              26.8920691
            ],
            [
              88,
              26.8920899
            ],
            [
              88,
              26.8921205
            ],
            [
              88,
              26.89215
            ],
            [
              88,
              26.8921853
            ],
            [
              88,
              26.8922168
            ],
            [
              88,
              26.8922553
            ],
            [
              88,
              26.8922795
            ],
            [
              88,
              26.8923199
            ],
            [
              88,
              26.8923563
            ],
            [
              88,
              26.8923887
            ],
            [
              88,
              26.8924287
            ],
            [
              88,
              26.8924807
            ],
            [
              88,
              26.8925769
            ],
            [
              88,
              26.8926104
            ],
            [
              88,
              26.8926296
            ],
            [
              88,
              26.8926709
            ],
            [
              88,
              26.8927295
            ],
            [
              88,
              26.8927739
            ],
            [
              88,
              26.8928356
            ],
            [
              88,
              26.8928679
            ],
            [
              88,
              26.8931548
            ],
            [
              88,
              26.8932079
            ],
            [
              88,
              26.8932502
            ],
            [
              88,
              26.8932998
            ],
            [
              88,
              26.8933691
            ],
            [
              88,
              26.8934383
            ],
            [
              88,
              26.8935341
            ],
            [
              88,
              26.8936037
            ],
            [
              88,
              26.893644
            ],
            [
              88,
              26.8936822
            ],
            [
              88,
              26.8937399
            ],
            [
              88,
              26.8937782
            ],
            [
              88,
              26.8938243
            ],
            [
              88,
              26.8938515
            ],
            [
              88,
              26.893872
            ],
            [
              88,
              26.8938841
            ],
            [
              88,
              26.8938882
            ],
            [
              88,
              26.893888
            ],
            [
              88,
              26.8938854
            ],
            [
              88,
              26.8938609
            ],
            [
              88,
              26.89384
            ],
            [
              88,
              26.8938008
            ],
            [
              88,
              26.8937486
            ],
            [
              88,
              26.8936879
            ],
            [
              88,
              26.8936126
            ],
            [
              88,
              26.893578
            ],
            [
              88,
              26.8935408
            ],
            [
              88,
              26.8934613
            ],
            [
              88,
              26.8934141
            ],
            [
              88,
              26.893381
            ],
            [
              88,
              26.8933444
            ],
            [
              88,
              26.8933089
            ],
            [
              88,
              26.8932779
            ],
            [
              88,
              26.8932463
            ],
            [
              88,
              26.8932185
            ],
            [
              88,
              26.8930873
            ],
            [
              88,
              26.8929869
            ],
            [
              88,
              26.8929647
            ],
            [
              88,
              26.8929214
            ],
            [
              88,
              26.8928609
            ],
            [
              88,
              26.8928314
            ],
            [
              88,
              26.8927878
            ],
            [
              88,
              26.8927502
            ],
            [
              88,
              26.892706
            ],
            [
              88,
              26.892668
            ],
            [
              88,
              26.8926348
            ],
            [
              88,
              26.8926211
            ],
            [
              88,
              26.8926087
            ],
            [
              88,
              26.8925977
            ],
            [
              88,
              26.8925091
            ],
            [
              88,
              26.892441
            ],
            [
              88,
              26.8924227
            ],
            [
              88,
              26.8923979
            ],
            [
              88,
              26.8923655
            ],
            [
              88,
              26.89226
            ],
            [
              88,
              26.892038
            ],
            [
              88,
              26.8919243
            ],
            [
              88,
              26.8918538
            ],
            [
              88,
              26.8918199
            ],
            [
              88,
              26.8917809
            ],
            [
              88,
              26.8917445
            ],
            [
              88,
              26.8917183
            ],
            [
              88,
              26.8916794
            ],
            [
              88,
              26.8916251
            ],
            [
              88,
              26.8915968
            ],
            [
              88,
              26.8915894
            ],
            [
              88,
              26.8915651
            ],
            [
              88,
              26.8914709
            ],
            [
              88,
              26.8914185
            ],
            [
              88,
              26.8913594
            ],
            [
              88,
              26.8913095
            ],
            [
              88,
              26.8912587
            ],
            [
              88,
              26.8912125
            ],
            [
              88,
              26.8911698
            ],
            [
              88,
              26.8911309
            ],
            [
              88,
              26.891086
            ],
            [
              88,
              26.8910307
            ],
            [
              88,
              26.8909133
            ],
            [
              88,
              26.8908706
            ],
            [
              88,
              26.8908101
            ],
            [
              88,
              26.8907554
            ],
            [
              88,
              26.8907183
            ],
            [
              88,
              26.8906762
            ],
            [
              88,
              26.8906271
            ],
            [
              88,
              26.8906115
            ],
            [
              88,
              26.8905725
            ],
            [
              88,
              26.8905408
            ],
            [
              88,
              26.8904914
            ],
            [
              88,
              26.890344
            ],
            [
              88,
              26.8901092
            ],
            [
              88,
              26.8900747
            ],
            [
              88,
              26.8900414
            ],
            [
              88,
              26.8900153
            ],
            [
              88,
              26.8899959
            ],
            [
              88,
              26.88997
            ],
            [
              88,
              26.8899186
            ],
            [
              88,
              26.8898622
            ],
            [
              88,
              26.8897746
            ],
            [
              88,
              26.8896756
            ],
            [
              88,
              26.8895067
            ],
            [
              88,
              26.8894313
            ],
            [
              88,
              26.8893794
            ],
            [
              88,
              26.8892074
            ],
            [
              88,
              26.8891747
            ],
            [
              88,
              26.8890796
            ],
            [
              88,
              26.8889793
            ],
            [
              88,
              26.8889078
            ],
            [
              88,
              26.888795
            ],
            [
              88,
              26.8886562
            ],
            [
              88,
              26.8886122
            ],
            [
              88,
              26.8885857
            ],
            [
              88,
              26.8884825
            ],
            [
              88,
              26.8883851
            ],
            [
              88,
              26.8883824
            ],
            [
              88,
              26.8882313
            ],
            [
              88,
              26.8881829
            ],
            [
              88,
              26.8881282
            ],
            [
              88,
              26.8880841
            ],
            [
              88,
              26.8880292
            ],
            [
              88,
              26.887945
            ],
            [
              88,
              26.8878812
            ],
            [
              88,
              26.8876774
            ],
            [
              88,
              26.8875745
            ],
            [
              88,
              26.8875465
            ],
            [
              88,
              26.8875206
            ],
            [
              88,
              26.8874762
            ],
            [
              88,
              26.8874347
            ],
            [
              88,
              26.8874144
            ],
            [
              88,
              26.887397
            ],
            [
              88,
              26.8873812
            ],
            [
              88,
              26.8873502
            ],
            [
              88,
              26.8873118
            ],
            [
              88,
              26.8873075
            ],
            [
              88,
              26.8872263
            ],
            [
              88,
              26.8871786
            ],
            [
              88,
              26.8871655
            ],
            [
              88,
              26.8871521
            ],
            [
              88,
              26.8871529
            ],
            [
              88,
              26.8871557
            ],
            [
              88,
              26.8871644
            ],
            [
              88,
              26.887179
            ],
            [
              88,
              26.8871798
            ],
            [
              88,
              26.8872141
            ],
            [
              88,
              26.887252
            ],
            [
              88,
              26.8873154
            ],
            [
              88,
              26.8873714
            ],
            [
              88,
              26.8874149
            ],
            [
              88,
              26.887481
            ],
            [
              88,
              26.8875923
            ],
            [
              88,
              26.8876716
            ],
            [
              88,
              26.8877251
            ],
            [
              88,
              26.8877873
            ],
            [
              88,
              26.8878453
            ],
            [
              88,
              26.887901
            ],
            [
              88,
              26.8879276
            ],
            [
              88,
              26.8879596
            ],
            [
              88,
              26.8879859
            ],
            [
              88,
              26.8880412
            ],
            [
              88,
              26.8880543
            ],
            [
              88,
              26.8880613
            ],
            [
              88,
              26.8880765
            ],
            [
              88,
              26.8880863
            ],
            [
              88,
              26.8880894
            ],
            [
              88,
              26.8880793
            ],
            [
              88,
              26.8880352
            ],
            [
              88,
              26.8879799
            ],
            [
              88,
              26.8879395
            ],
            [
              88,
              26.8879232
            ],
            [
              88,
              26.8879155
            ],
            [
              88,
              26.8879085
            ],
            [
              88,
              26.8879065
            ],
            [
              88,
              26.8879218
            ],
            [
              88,
              26.8879513
            ],
            [
              88,
              26.8880082
            ],
            [
              88,
              26.8880348
            ],
            [
              88,
              26.8880602
            ],
            [
              88,
              26.8880906
            ],
            [
              88,
              26.8881277
            ],
            [
              88,
              26.8881641
            ],
            [
              88,
              26.8882041
            ],
            [
              88,
              26.8882479
            ],
            [
              88,
              26.8883234
            ],
            [
              88,
              26.8883807
            ],
            [
              88,
              26.8884226
            ],
            [
              88,
              26.8884689
            ],
            [
              88,
              26.88854
            ],
            [
              88,
              26.8886086
            ],
            [
              88,
              26.8886783
            ],
            [
              88,
              26.8887602
            ],
            [
              88,
              26.8888172
            ],
            [
              88,
              26.8888579
            ],
            [
              88,
              26.8888879
            ],
            [
              88,
              26.888914
            ],
            [
              88,
              26.8889306
            ],
            [
              88,
              26.8889454
            ],
            [
              88,
              26.8889699
            ],
            [
              88,
              26.8889906
            ],
            [
              88,
              26.8890051
            ],
            [
              88,
              26.8890247
            ],
            [
              88,
              26.8890584
            ],
            [
              88,
              26.8890684
            ],
            [
              88,
              26.8890841
            ],
            [
              88,
              26.889144
            ],
            [
              88,
              26.8891619
            ],
            [
              88,
              26.8891949
            ],
            [
              88,
              26.8892368
            ],
            [
              88,
              26.8892823
            ],
            [
              88,
              26.8893181
            ],
            [
              88,
              26.8893389
            ],
            [
              88,
              26.8893638
            ],
            [
              88,
              26.8893785
            ],
            [
              88,
              26.8893843
            ],
            [
              88,
              26.8893885
            ],
            [
              88,
              26.8893956
            ],
            [
              88,
              26.8893994
            ],
            [
              88,
              26.8894099
            ],
            [
              88,
              26.8894209
            ],
            [
              88,
              26.8894367
            ],
            [
              88,
              26.8894633
            ],
            [
              88,
              26.8895118
            ],
            [
              88,
              26.8895744
            ],
            [
              88,
              26.8896099
            ],
            [
              88,
              26.8896426
            ],
            [
              88,
              26.8896459
            ],
            [
              88,
              26.8896509
            ],
            [
              88,
              26.8896839
            ],
            [
              88,
              26.8896905
            ],
            [
              88,
              26.889709
            ],
            [
              88,
              26.8897256
            ],
            [
              88,
              26.8897379
            ],
            [
              88,
              26.8897388
            ],
            [
              88,
              26.8897416
            ],
            [
              88,
              26.889741
            ],
            [
              88,
              26.8897427
            ],
            [
              88,
              26.8897519
            ],
            [
              88,
              26.8897649
            ],
            [
              88,
              26.8897786
            ],
            [
              88,
              26.8897973
            ],
            [
              88,
              26.8898083
            ],
            [
              88,
              26.8898102
            ],
            [
              88,
              26.8898116
            ],
            [
              88,
              26.8898039
            ],
            [
              88,
              26.8897896
            ],
            [
              88,
              26.8897887
            ],
            [
              88,
              26.8897641
            ],
            [
              88,
              26.8897282
            ],
            [
              88,
              26.889666
            ],
            [
              88,
              26.8896238
            ],
            [
              88,
              26.8895948
            ],
            [
              88,
              26.8895786
            ],
            [
              88,
              26.8895703
            ],
            [
              88,
              26.8895706
            ],
            [
              88,
              26.8895775
            ],
            [
              88,
              26.8895777
            ],
            [
              88,
              26.8895712
            ],
            [
              88,
              26.8895664
            ],
            [
              88,
              26.8895452
            ],
            [
              88,
              26.8895267
            ],
            [
              88,
              26.8895203
            ],
            [
              88,
              26.8895227
            ],
            [
              88,
              26.8895358
            ],
            [
              88,
              26.8895642
            ],
            [
              88,
              26.8896472
            ],
            [
              88,
              26.8896539
            ],
            [
              88,
              26.8896943
            ],
            [
              88,
              26.8897143
            ],
            [
              88,
              26.8897307
            ],
            [
              88,
              26.889739
            ],
            [
              88,
              26.8897427
            ],
            [
              88,
              26.8897423
            ],
            [
              88,
              26.8897388
            ],
            [
              88,
              26.8897279
            ],
            [
              88,
              26.8897251
            ],
            [
              88,
              26.8897063
            ],
            [
              88,
              26.8896562
            ],
            [
              88,
              26.8896454
            ],
            [
              88,
              26.8896419
            ],
            [
              88,
              26.8896481
            ],
            [
              88,
              26.8896625
            ],
            [
              88,
              26.8896903
            ],
            [
              88,
              26.8897214
            ],
            [
              88,
              26.8897659
            ],
            [
              88,
              26.8898268
            ],
            [
              88,
              26.8898405
            ],
            [
              88,
              26.8898514
            ],
            [
              88,
              26.8898436
            ],
            [
              88,
              26.8898219
            ],
            [
              88,
              26.8898028
            ],
            [
              88,
              26.8897974
            ],
            [
              88,
              26.8897983
            ],
            [
              88,
              26.889814
            ],
            [
              88,
              26.8898307
            ],
            [
              88,
              26.889839
            ],
            [
              88,
              26.8898502
            ],
            [
              88,
              26.8898815
            ],
            [
              88,
              26.8898955
            ],
            [
              88,
              26.8898953
            ],
            [
              88,
              26.8898914
            ],
            [
              88,
              26.8898473
            ],
            [
              88,
              26.8898083
            ],
            [
              88,
              26.8897557
            ],
            [
              88,
              26.8897039
            ],
            [
              88,
              26.8896628
            ],
            [
              88,
              26.8896047
            ],
            [
              88,
              26.8895323
            ],
            [
              88,
              26.8895013
            ],
            [
              88,
              26.8894624
            ],
            [
              88,
              26.8894389
            ],
            [
              88,
              26.8893974
            ],
            [
              88,
              26.8893512
            ],
            [
              88,
              26.8892877
            ],
            [
              88,
              26.8892367
            ],
            [
              88,
              26.8891643
            ],
            [
              88,
              26.889086
            ],
            [
              88,
              26.8890851
            ],
            [
              88,
              26.8890434
            ],
            [
              88,
              26.8890143
            ],
            [
              88,
              26.8889674
            ],
            [
              88,
              26.8889261
            ],
            [
              88,
              26.8888731
            ],
            [
              88,
              26.8888144
            ],
            [
              88,
              26.8887787
            ],
            [
              88,
              26.8887373
            ],
            [
              88,
              26.888709
            ],
            [
              88,
              26.8886422
            ],
            [
              88,
              26.888526
            ],
            [
              88,
              26.8884824
            ],
            [
              88,
              26.8884151
            ],
            [
              88,
              26.8883604
            ],
            [
              88,
              26.8882995
            ],
            [
              88,
              26.8882803
            ],
            [
              88,
              26.888261
            ],
            [
              88,
              26.8882424
            ],
            [
              88,
              26.8882324
            ],
            [
              88,
              26.8882298
            ],
            [
              88,
              26.8882305
            ],
            [
              88,
              26.8882315
            ],
            [
              88,
              26.8882339
            ],
            [
              88,
              26.8882476
            ],
            [
              88,
              26.8882683
            ],
            [
              88,
              26.8882744
            ],
            [
              88,
              26.8882828
            ],
            [
              88,
              26.8883018
            ],
            [
              88,
              26.8883286
            ],
            [
              88,
              26.8883519
            ],
            [
              88,
              26.8883693
            ],
            [
              88,
              26.8883837
            ],
            [
              88,
              26.8883905
            ],
            [
              88,
              26.8883964
            ],
            [
              88,
              26.8883995
            ],
            [
              88,
              26.8884093
            ],
            [
              88,
              26.8884282
            ],
            [
              88,
              26.8884607
            ],
            [
              88,
              26.8884967
            ],
            [
              88,
              26.8885394
            ],
            [
              88,
              26.8886021
            ],
            [
              88,
              26.8886411
            ],
            [
              88,
              26.8886619
            ],
            [
              88,
              26.8886652
            ],
            [
              88,
              26.8886619
            ],
            [
              88,
              26.8886548
            ],
            [
              88,
              26.8886657
            ],
            [
              88,
              26.8886758
            ],
            [
              88,
              26.8887021
            ],
            [
              88,
              26.888742
            ],
            [
              88,
              26.8887575
            ],
            [
              88,
              26.8887625
            ],
            [
              88,
              26.8887631
            ],
            [
              88,
              26.8887606
            ],
            [
              88,
              26.8887566
            ],
            [
              88,
              26.8887465
            ],
            [
              88,
              26.888704
            ],
            [
              88,
              26.8886788
            ],
            [
              88,
              26.8886674
            ],
            [
              88,
              26.8886628
            ],
            [
              88,
              26.8886616
            ],
            [
              88,
              26.8886644
            ],
            [
              88,
              26.8886682
            ],
            [
              88,
              26.8887061
            ],
            [
              88,
              26.888737
            ],
            [
              88,
              26.8888517
            ],
            [
              88,
              26.8888664
            ],
            [
              88,
              26.8888787
            ],
            [
              88,
              26.8888847
            ],
            [
              88,
              26.8888907
            ],
            [
              88,
              26.8889034
            ],
            [
              88,
              26.8889174
            ],
            [
              88,
              26.8889309
            ],
            [
              88,
              26.8889463
            ],
            [
              88,
              26.8889651
            ],
            [
              88,
              26.8889843
            ],
            [
              88,
              26.8890162
            ],
            [
              88,
              26.8890903
            ],
            [
              88,
              26.8891392
            ],
            [
              88,
              26.8891747
            ],
            [
              88,
              26.8892179
            ],
            [
              88,
              26.8892451
            ],
            [
              88,
              26.8892721
            ],
            [
              88,
              26.889332
            ],
            [
              88,
              26.8893749
            ],
            [
              88,
              26.8894351
            ],
            [
              88,
              26.8894748
            ],
            [
              88,
              26.8894812
            ],
            [
              88,
              26.8895071
            ],
            [
              88,
              26.8895281
            ],
            [
              88,
              26.8895355
            ],
            [
              88,
              26.8895329
            ],
            [
              88,
              26.8895198
            ],
            [
              88,
              26.8895083
            ],
            [
              88,
              26.8895077
            ],
            [
              88,
              26.8895168
            ],
            [
              88,
              26.8895318
            ],
            [
              88,
              26.8895428
            ],
            [
              88,
              26.889759
            ],
            [
              88,
              26.889792
            ],
            [
              88,
              26.8898121
            ],
            [
              88,
              26.8898264
            ],
            [
              88,
              26.8898336
            ],
            [
              88,
              26.8898286
            ],
            [
              88,
              26.8897893
            ],
            [
              88,
              26.8897528
            ],
            [
              88,
              26.8897365
            ],
            [
              88,
              26.8897329
            ],
            [
              88,
              26.8897319
            ],
            [
              88,
              26.8897327
            ],
            [
              88,
              26.8897859
            ],
            [
              88,
              26.8898273
            ],
            [
              88,
              26.8898392
            ],
            [
              88,
              26.8898366
            ],
            [
              88,
              26.8898158
            ],
            [
              88,
              26.8897981
            ],
            [
              88,
              26.8897725
            ],
            [
              88,
              26.8897442
            ],
            [
              88,
              26.8896873
            ],
            [
              88,
              26.889644
            ],
            [
              88,
              26.8895943
            ],
            [
              88,
              26.8895453
            ],
            [
              88,
              26.8894664
            ],
            [
              88,
              26.8894094
            ],
            [
              88,
              26.8893065
            ],
            [
              88,
              26.8893058
            ],
            [
              88,
              26.8892847
            ],
            [
              88,
              26.8892818
            ],
            [
              88,
              26.889255
            ],
            [
              88,
              26.8892343
            ],
            [
              88,
              26.8892008
            ],
            [
              88,
              26.8891765
            ],
            [
              88,
              26.8891406
            ],
            [
              88,
              26.8891271
            ],
            [
              88,
              26.889118
            ],
            [
              88,
              26.8891033
            ],
            [
              88,
              26.8891017
            ],
            [
              88,
              26.8891117
            ],
            [
              88,
              26.8891281
            ],
            [
              88,
              26.8891586
            ],
            [
              88,
              26.8891783
            ],
            [
              88,
              26.8891787
            ],
            [
              88,
              26.8891899
            ],
            [
              88,
              26.8891908
            ],
            [
              88,
              26.889181
            ],
            [
              88,
              26.8891474
            ],
            [
              88,
              26.8890125
            ],
            [
              88,
              26.889
            ],
            [
              88,
              26.8889958
            ],
            [
              88,
              26.8889968
            ],
            [
              88,
              26.8889999
            ],
            [
              88,
              26.8890106
            ],
            [
              88,
              26.8890329
            ],
            [
              88,
              26.889049
            ],
            [
              88,
              26.8890723
            ],
            [
              88,
              26.889099
            ],
            [
              88,
              26.8891142
            ],
            [
              88,
              26.8891293
            ],
            [
              88,
              26.88915
            ],
            [
              88,
              26.8891917
            ],
            [
              88,
              26.8892169
            ],
            [
              88,
              26.8892416
            ],
            [
              88,
              26.8892679
            ],
            [
              88,
              26.8892921
            ],
            [
              88,
              26.8893406
            ],
            [
              88,
              26.8893515
            ],
            [
              88,
              26.889377
            ],
            [
              88,
              26.8894007
            ],
            [
              88,
              26.8894367
            ],
            [
              88,
              26.8894451
            ],
            [
              88,
              26.8894715
            ],
            [
              88,
              26.8895326
            ],
            [
              88,
              26.8896604
            ],
            [
              88,
              26.8897143
            ],
            [
              88,
              26.8897146
            ],
            [
              88,
              26.8897426
            ],
            [
              88,
              26.8898174
            ],
            [
              88,
              26.8899343
            ],
            [
              88,
              26.8899369
            ],
            [
              88,
              26.8899747
            ],
            [
              88,
              26.8900036
            ],
            [
              88,
              26.8900042
            ],
            [
              88,
              26.890024
            ],
            [
              88,
              26.8900412
            ],
            [
              88,
              26.8900443
            ],
            [
              88,
              26.8900631
            ],
            [
              88,
              26.890078
            ],
            [
              88,
              26.8900944
            ],
            [
              88,
              26.8901121
            ],
            [
              88,
              26.8901475
            ],
            [
              88,
              26.8902833
            ],
            [
              88,
              26.890374
            ],
            [
              88,
              26.8903939
            ],
            [
              88,
              26.8903982
            ],
            [
              88,
              26.8904645
            ],
            [
              88,
              26.8904843
            ],
            [
              88,
              26.8905158
            ],
            [
              88,
              26.8905316
            ],
            [
              88,
              26.8905455
            ],
            [
              88,
              26.8905653
            ],
            [
              88,
              26.8906126
            ],
            [
              88,
              26.8906456
            ],
            [
              88,
              26.8906636
            ],
            [
              88,
              26.8907031
            ],
            [
              88,
              26.8907718
            ],
            [
              88,
              26.8907787
            ],
            [
              88,
              26.8908921
            ],
            [
              88,
              26.8909225
            ],
            [
              88,
              26.8909273
            ],
            [
              88,
              26.8909407
            ],
            [
              88,
              26.8909391
            ],
            [
              88,
              26.890917
            ],
            [
              88,
              26.8908826
            ],
            [
              88,
              26.8908707
            ],
            [
              88,
              26.8908458
            ],
            [
              88,
              26.8908399
            ],
            [
              88,
              26.8908445
            ],
            [
              88,
              26.8908561
            ],
            [
              88,
              26.8908737
            ],
            [
              88,
              26.890893
            ],
            [
              88,
              26.8909229
            ],
            [
              88,
              26.8909487
            ],
            [
              88,
              26.89098
            ],
            [
              88,
              26.8910072
            ],
            [
              88,
              26.8910229
            ],
            [
              88,
              26.891037
            ],
            [
              88,
              26.8910459
            ],
            [
              88,
              26.8910486
            ],
            [
              88,
              26.8910493
            ],
            [
              88,
              26.8910582
            ],
            [
              88,
              26.8910767
            ],
            [
              88,
              26.8910911
            ],
            [
              88,
              26.8911063
            ],
            [
              88,
              26.8911496
            ],
            [
              88,
              26.8911824
            ],
            [
              88,
              26.8912204
            ],
            [
              88,
              26.8912511
            ],
            [
              88,
              26.8912799
            ],
            [
              88,
              26.8912961
            ],
            [
              88,
              26.8913229
            ],
            [
              88,
              26.8913502
            ],
            [
              88,
              26.8913785
            ],
            [
              88,
              26.8913979
            ],
            [
              88,
              26.8914044
            ],
            [
              88,
              26.8914108
            ],
            [
              88,
              26.8914264
            ],
            [
              88,
              26.8914439
            ],
            [
              88,
              26.8914666
            ],
            [
              88,
              26.8914939
            ],
            [
              88,
              26.8916159
            ],
            [
              88,
              26.8916705
            ],
            [
              88,
              26.8917081
            ],
            [
              88,
              26.8917459
            ],
            [
              88,
              26.8917936
            ],
            [
              88,
              26.8918217
            ],
            [
              88,
              26.8918701
            ],
            [
              88,
              26.8919726
            ],
            [
              88,
              26.8921105
            ],
            [
              88,
              26.892142
            ],
            [
              88,
              26.8921717
            ],
            [
              88,
              26.8922012
            ],
            [
              88,
              26.8922216
            ],
            [
              88,
              26.8922222
            ],
            [
              88,
              26.8922268
            ],
            [
              88,
              26.8922152
            ],
            [
              88,
              26.8922094
            ],
            [
              88,
              26.8921951
            ],
            [
              88,
              26.8921823
            ],
            [
              88,
              26.8921786
            ],
            [
              88,
              26.8921782
            ],
            [
              88,
              26.892185
            ],
            [
              88,
              26.8921981
            ],
            [
              88,
              26.8922279
            ],
            [
              88,
              26.8922598
            ],
            [
              88,
              26.8922958
            ],
            [
              88,
              26.8923611
            ],
            [
              88,
              26.892429
            ],
            [
              88,
              26.8924772
            ],
            [
              88,
              26.8925237
            ],
            [
              88,
              26.8925636
            ],
            [
              88,
              26.8926222
            ],
            [
              88,
              26.8926344
            ],
            [
              88,
              26.8926646
            ],
            [
              88,
              26.8926943
            ],
            [
              88,
              26.8927233
            ],
            [
              88,
              26.8927254
            ],
            [
              88,
              26.8927488
            ],
            [
              88,
              26.892767
            ],
            [
              88,
              26.8927905
            ],
            [
              88,
              26.892816
            ],
            [
              88,
              26.8928384
            ],
            [
              88,
              26.8928466
            ],
            [
              88,
              26.8929059
            ],
            [
              88,
              26.892993
            ],
            [
              88,
              26.8930347
            ],
            [
              88,
              26.8930493
            ],
            [
              88,
              26.893059
            ],
            [
              88,
              26.8930554
            ],
            [
              88,
              26.8930358
            ],
            [
              88,
              26.8930068
            ],
            [
              88,
              26.8929738
            ],
            [
              88,
              26.8929383
            ],
            [
              88,
              26.8929003
            ],
            [
              88,
              26.8928516
            ],
            [
              88,
              26.8927889
            ],
            [
              88,
              26.8927231
            ],
            [
              88,
              26.8926781
            ],
            [
              88,
              26.8926232
            ],
            [
              88,
              26.8925941
            ],
            [
              88,
              26.89256
            ],
            [
              88,
              26.8925533
            ],
            [
              88,
              26.8925341
            ],
            [
              88,
              26.8925104
            ],
            [
              88,
              26.8924907
            ],
            [
              88,
              26.8924836
            ],
            [
              88,
              26.8924391
            ],
            [
              88,
              26.8924098
            ],
            [
              88,
              26.8923718
            ],
            [
              88,
              26.8923495
            ],
            [
              88,
              26.8923261
            ],
            [
              88,
              26.8922956
            ],
            [
              88,
              26.8922924
            ],
            [
              88,
              26.8922605
            ],
            [
              88,
              26.892254
            ],
            [
              88,
              26.892211
            ],
            [
              88,
              26.8921782
            ],
            [
              88,
              26.8919603
            ],
            [
              88,
              26.8919359
            ],
            [
              88,
              26.8919008
            ],
            [
              88,
              26.891872
            ],
            [
              88,
              26.891827
            ],
            [
              88,
              26.8916128
            ],
            [
              88,
              26.8915933
            ],
            [
              88,
              26.891586
            ],
            [
              88,
              26.8915784
            ],
            [
              88,
              26.8915723
            ],
            [
              88,
              26.8915738
            ],
            [
              88,
              26.891576
            ],
            [
              88,
              26.8915864
            ],
            [
              88,
              26.8915958
            ],
            [
              88,
              26.8916069
            ],
            [
              88,
              26.8916194
            ],
            [
              88,
              26.8916247
            ],
            [
              88,
              26.8916445
            ],
            [
              88,
              26.891671
            ],
            [
              88,
              26.8916929
            ],
            [
              88,
              26.8917215
            ],
            [
              88,
              26.8917288
            ],
            [
              88,
              26.8917826
            ],
            [
              88,
              26.8918081
            ],
            [
              88,
              26.8918153
            ],
            [
              88,
              26.8918356
            ],
            [
              88,
              26.8918648
            ],
            [
              88,
              26.89189
            ],
            [
              88,
              26.89191
            ],
            [
              88,
              26.8919375
            ],
            [
              88,
              26.8919564
            ],
            [
              88,
              26.8919663
            ],
            [
              88,
              26.8920042
            ],
            [
              88,
              26.8920928
            ],
            [
              88,
              26.8921248
            ],
            [
              88,
              26.8921376
            ],
            [
              88,
              26.8921588
            ],
            [
              88,
              26.8921953
            ],
            [
              88,
              26.8922242
            ],
            [
              88,
              26.8922662
            ],
            [
              88,
              26.8922983
            ],
            [
              88,
              26.8923261
            ],
            [
              88,
              26.8923518
            ],
            [
              88,
              26.892394
            ],
            [
              88,
              26.8924283
            ],
            [
              88,
              26.8924703
            ],
            [
              88,
              26.8925116
            ],
            [
              88,
              26.8925617
            ],
            [
              88,
              26.8925997
            ],
            [
              88,
              26.892656
            ],
            [
              88,
              26.8927701
            ],
            [
              88,
              26.8927746
            ],
            [
              88,
              26.8928076
            ],
            [
              88,
              26.8928426
            ],
            [
              88,
              26.8928746
            ],
            [
              88,
              26.8929021
            ],
            [
              88,
              26.8929347
            ],
            [
              88,
              26.8929894
            ],
            [
              88,
              26.8930177
            ],
            [
              88,
              26.893064
            ],
            [
              88,
              26.8930966
            ],
            [
              88,
              26.8931354
            ],
            [
              88,
              26.8931529
            ],
            [
              88,
              26.8932146
            ],
            [
              88,
              26.89323
            ],
            [
              88,
              26.8933339
            ],
            [
              88,
              26.8933694
            ],
            [
              88,
              26.8935295
            ],
            [
              88,
              26.893703
            ],
            [
              88,
              26.8939195
            ],
            [
              88,
              26.8939689
            ],
            [
              88,
              26.8939822
            ],
            [
              88,
              26.8940004
            ],
            [
              88,
              26.8940392
            ],
            [
              88,
              26.8940527
            ],
            [
              88,
              26.8940719
            ],
            [
              88,
              26.8941017
            ],
            [
              88,
              26.8941214
            ],
            [
              88,
              26.8941247
            ],
            [
              88,
              26.8941471
            ],
            [
              88,
              26.8941678
            ],
            [
              88,
              26.894189
            ],
            [
              88,
              26.8942285
            ],
            [
              88,
              26.8944603
            ],
            [
              88,
              26.8945746
            ],
            [
              88,
              26.8946384
            ],
            [
              88,
              26.8947007
            ],
            [
              88,
              26.8947562
            ],
            [
              88,
              26.894804
            ],
            [
              88,
              26.8949198
            ],
            [
              88,
              26.8949994
            ],
            [
              88,
              26.8950761
            ],
            [
              88,
              26.8951371
            ],
            [
              88,
              26.8951842
            ],
            [
              88,
              26.895195
            ],
            [
              88,
              26.8952605
            ],
            [
              88,
              26.8952807
            ],
            [
              88,
              26.8953192
            ],
            [
              88,
              26.8953447
            ],
            [
              88,
              26.8953889
            ],
            [
              88,
              26.8956195
            ],
            [
              88,
              26.8956576
            ],
            [
              88,
              26.8956763
            ],
            [
              88,
              26.8957832
            ],
            [
              88,
              26.8958216
            ],
            [
              88,
              26.8958647
            ],
            [
              88,
              26.8959058
            ],
            [
              88,
              26.8959585
            ],
            [
              88,
              26.8960163
            ],
            [
              88,
              26.8960568
            ],
            [
              88,
              26.8960883
            ],
            [
              88,
              26.8961195
            ],
            [
              88,
              26.8961326
            ],
            [
              88,
              26.8961279
            ],
            [
              88,
              26.8960908
            ],
            [
              88,
              26.8960681
            ],
            [
              88,
              26.8960476
            ],
            [
              88,
              26.8959863
            ],
            [
              88,
              26.8959361
            ],
            [
              88,
              26.8959128
            ],
            [
              88,
              26.8958963
            ],
            [
              88,
              26.8958854
            ],
            [
              88,
              26.8958861
            ],
            [
              88,
              26.8958883
            ],
            [
              88,
              26.8958893
            ],
            [
              88,
              26.8959011
            ],
            [
              88,
              26.8959114
            ],
            [
              88,
              26.8959094
            ],
            [
              88,
              26.8958938
            ],
            [
              88,
              26.8958822
            ],
            [
              88,
              26.8958535
            ],
            [
              88,
              26.8958132
            ],
            [
              88,
              26.8957636
            ],
            [
              88,
              26.8957016
            ],
            [
              88,
              26.895579
            ],
            [
              88,
              26.8955538
            ],
            [
              88,
              26.8952849
            ],
            [
              88,
              26.8952391
            ],
            [
              88,
              26.8952247
            ],
            [
              88,
              26.8952211
            ],
            [
              88,
              26.8952249
            ],
            [
              88,
              26.8952331
            ],
            [
              88,
              26.8952469
            ],
            [
              88,
              26.8952524
            ],
            [
              88,
              26.8952685
            ],
            [
              88,
              26.8952914
            ],
            [
              88,
              26.8954236
            ],
            [
              88,
              26.895447
            ],
            [
              88,
              26.895469
            ],
            [
              88,
              26.8954914
            ],
            [
              88,
              26.8955026
            ],
            [
              88,
              26.895504
            ],
            [
              88,
              26.8955041
            ],
            [
              88,
              26.8954984
            ],
            [
              88,
              26.8954843
            ],
            [
              88,
              26.8954522
            ],
            [
              88,
              26.8952763
            ],
            [
              88,
              26.8952427
            ],
            [
              88,
              26.8952129
            ],
            [
              88,
              26.8951991
            ],
            [
              88,
              26.8951903
            ],
            [
              88,
              26.8951856
            ],
            [
              88,
              26.8951847
            ],
            [
              88,
              26.8951991
            ],
            [
              88,
              26.8952146
            ],
            [
              88,
              26.8952046
            ],
            [
              88,
              26.8951879
            ],
            [
              88,
              26.8951718
            ],
            [
              88,
              26.8951679
            ],
            [
              88,
              26.895156
            ],
            [
              88,
              26.8951465
            ],
            [
              88,
              26.8950878
            ],
            [
              88,
              26.8950764
            ],
            [
              88,
              26.8950725
            ],
            [
              88,
              26.8950729
            ],
            [
              88,
              26.8950826
            ],
            [
              88,
              26.895101
            ],
            [
              88,
              26.8951651
            ],
            [
              88,
              26.8951891
            ],
            [
              88,
              26.8951924
            ],
            [
              88,
              26.8952062
            ],
            [
              88,
              26.8952216
            ],
            [
              88,
              26.8952369
            ],
            [
              88,
              26.895258
            ],
            [
              88,
              26.8952837
            ],
            [
              88,
              26.8953044
            ],
            [
              88,
              26.8953068
            ],
            [
              88,
              26.8953274
            ],
            [
              88,
              26.8953544
            ],
            [
              88,
              26.8953813
            ],
            [
              88,
              26.8954033
            ],
            [
              88,
              26.8954203
            ],
            [
              88,
              26.8954364
            ],
            [
              88,
              26.895451
            ],
            [
              88,
              26.8954601
            ],
            [
              88,
              26.8954615
            ],
            [
              88,
              26.8954601
            ],
            [
              88,
              26.895459
            ],
            [
              88,
              26.89544
            ],
            [
              88,
              26.8953502
            ],
            [
              88,
              26.8953278
            ],
            [
              88,
              26.895313
            ],
            [
              88,
              26.8953053
            ],
            [
              88,
              26.8953003
            ],
            [
              88,
              26.8952973
            ],
            [
              88,
              26.8953031
            ],
            [
              88,
              26.8953145
            ],
            [
              88,
              26.895333
            ],
            [
              88,
              26.8953638
            ],
            [
              88,
              26.8953918
            ],
            [
              88,
              26.8954203
            ],
            [
              88,
              26.8954415
            ],
            [
              88,
              26.8954551
            ],
            [
              88,
              26.8954691
            ],
            [
              88,
              26.8954835
            ],
            [
              88,
              26.8955189
            ],
            [
              88,
              26.8955651
            ],
            [
              88,
              26.8955913
            ],
            [
              88,
              26.8956059
            ],
            [
              88,
              26.8956077
            ],
            [
              88,
              26.8956511
            ],
            [
              88,
              26.8956628
            ],
            [
              88,
              26.8956771
            ],
            [
              88,
              26.8956919
            ],
            [
              88,
              26.8957063
            ],
            [
              88,
              26.8957209
            ],
            [
              88,
              26.8957335
            ],
            [
              88,
              26.8957373
            ],
            [
              88,
              26.8957618
            ],
            [
              88,
              26.895777
            ],
            [
              88,
              26.8958064
            ],
            [
              88,
              26.8958418
            ],
            [
              88,
              26.8958748
            ],
            [
              88,
              26.8959676
            ],
            [
              88,
              26.8960338
            ],
            [
              88,
              26.896061
            ],
            [
              88,
              26.8960862
            ],
            [
              88,
              26.896101
            ],
            [
              88,
              26.8961529
            ],
            [
              88,
              26.8961765
            ],
            [
              88,
              26.8961972
            ],
            [
              88,
              26.8962165
            ],
            [
              88,
              26.8962506
            ],
            [
              88,
              26.8963735
            ],
            [
              88,
              26.8964942
            ],
            [
              88,
              26.8965148
            ],
            [
              88,
              26.8965404
            ],
            [
              88,
              26.8965702
            ],
            [
              88,
              26.8966134
            ],
            [
              88,
              26.8966756
            ],
            [
              88,
              26.8966964
            ],
            [
              88,
              26.8967121
            ],
            [
              88,
              26.8967261
            ],
            [
              88,
              26.8967525
            ],
            [
              88,
              26.8967737
            ],
            [
              88,
              26.8967789
            ],
            [
              88,
              26.8968094
            ],
            [
              88,
              26.8968473
            ],
            [
              88,
              26.8969812
            ],
            [
              88,
              26.8970311
            ],
            [
              88,
              26.8970641
            ],
            [
              88,
              26.8970885
            ],
            [
              88,
              26.8971033
            ],
            [
              88,
              26.8971049
            ],
            [
              88,
              26.8971647
            ],
            [
              88,
              26.8971664
            ],
            [
              88,
              26.8972196
            ],
            [
              88,
              26.8972355
            ],
            [
              88,
              26.8972738
            ],
            [
              88,
              26.8973214
            ],
            [
              88,
              26.8974556
            ],
            [
              88,
              26.8974955
            ],
            [
              88,
              26.8975162
            ],
            [
              88,
              26.8975322
            ],
            [
              88,
              26.8975426
            ],
            [
              88,
              26.8975499
            ],
            [
              88,
              26.8975477
            ],
            [
              88,
              26.8975381
            ],
            [
              88,
              26.8975179
            ],
            [
              88,
              26.8975072
            ],
            [
              88,
              26.8975047
            ],
            [
              88,
              26.8975071
            ],
            [
              88,
              26.897517
            ],
            [
              88,
              26.8975287
            ],
            [
              88,
              26.8975447
            ],
            [
              88,
              26.8975777
            ],
            [
              88,
              26.8976244
            ],
            [
              88,
              26.8976599
            ],
            [
              88,
              26.897694
            ],
            [
              88,
              26.8977237
            ],
            [
              88,
              26.8977717
            ],
            [
              88,
              26.8978098
            ],
            [
              88,
              26.8978479
            ],
            [
              88,
              26.8978851
            ],
            [
              88,
              26.8979082
            ],
            [
              88,
              26.8979369
            ],
            [
              88,
              26.8979637
            ],
            [
              88,
              26.8980135
            ],
            [
              88,
              26.8980847
            ],
            [
              88,
              26.8982333
            ],
            [
              88,
              26.8982771
            ],
            [
              88,
              26.8983121
            ],
            [
              88,
              26.8983498
            ],
            [
              88,
              26.8983997
            ],
            [
              88,
              26.8984441
            ],
            [
              88,
              26.8984871
            ],
            [
              88,
              26.898527
            ],
            [
              88,
              26.8985614
            ],
            [
              88,
              26.8986089
            ],
            [
              88,
              26.8988813
            ],
            [
              88,
              26.8989497
            ],
            [
              88,
              26.898975
            ],
            [
              88,
              26.8990131
            ],
            [
              88,
              26.899046
            ],
            [
              88,
              26.8990891
            ],
            [
              88,
              26.8992263
            ],
            [
              88,
              26.8992753
            ],
            [
              88,
              26.8993252
            ],
            [
              88,
              26.8993706
            ],
            [
              88,
              26.8994965
            ],
            [
              88,
              26.8995161
            ],
            [
              88,
              26.8995308
            ],
            [
              88,
              26.8995537
            ],
            [
              88,
              26.8995983
            ],
            [
              88,
              26.8996235
            ],
            [
              88,
              26.8996278
            ],
            [
              88,
              26.8996286
            ],
            [
              88,
              26.8996584
            ],
            [
              88,
              26.8996612
            ],
            [
              88,
              26.8997893
            ],
            [
              88,
              26.8998311
            ],
            [
              88,
              26.8998816
            ],
            [
              88,
              26.8999892
            ],
            [
              88,
              26.9000361
            ],
            [
              88,
              26.9000731
            ],
            [
              88,
              26.9001074
            ],
            [
              88,
              26.9001462
            ],
            [
              88,
              26.9001918
            ],
            [
              88,
              26.9002531
            ],
            [
              88,
              26.9004015
            ],
            [
              88,
              26.9004651
            ],
            [
              88,
              26.9005076
            ],
            [
              88,
              26.9005474
            ],
            [
              88,
              26.9005934
            ],
            [
              88,
              26.9006296
            ],
            [
              88,
              26.9006653
            ],
            [
              88,
              26.9007184
            ],
            [
              88,
              26.9008138
            ],
            [
              88,
              26.900836
            ],
            [
              88,
              26.9008652
            ],
            [
              88,
              26.9008891
            ],
            [
              88,
              26.9009239
            ],
            [
              88,
              26.9009547
            ],
            [
              88,
              26.9009729
            ],
            [
              88,
              26.9011091
            ],
            [
              88,
              26.9011607
            ],
            [
              88,
              26.901206
            ],
            [
              88,
              26.9012388
            ],
            [
              88,
              26.9012701
            ],
            [
              88,
              26.9013008
            ],
            [
              88,
              26.9013552
            ],
            [
              88,
              26.9014701
            ],
            [
              88,
              26.9014848
            ],
            [
              88,
              26.901603
            ],
            [
              88,
              26.9016471
            ],
            [
              88,
              26.9016823
            ],
            [
              88,
              26.901699
            ],
            [
              88,
              26.9017925
            ],
            [
              88,
              26.9018786
            ],
            [
              88,
              26.901945
            ],
            [
              88,
              26.9020658
            ],
            [
              88,
              26.9023513
            ],
            [
              88,
              26.9024245
            ],
            [
              88,
              26.9025777
            ],
            [
              88,
              26.9026238
            ],
            [
              88,
              26.9026556
            ],
            [
              88,
              26.9027134
            ],
            [
              88,
              26.902715
            ],
            [
              88,
              26.9027394
            ],
            [
              88,
              26.9027749
            ],
            [
              88,
              26.902813
            ],
            [
              88,
              26.9028299
            ],
            [
              88,
              26.9028596
            ],
            [
              88,
              26.9028926
            ],
            [
              88,
              26.9029436
            ],
            [
              88,
              26.9029822
            ],
            [
              88,
              26.9030647
            ],
            [
              88,
              26.9031415
            ],
            [
              88,
              26.9032018
            ],
            [
              88,
              26.9032773
            ],
            [
              88,
              26.9033334
            ],
            [
              88,
              26.9033656
            ],
            [
              88,
              26.903386
            ],
            [
              88,
              26.9035119
            ],
            [
              88,
              26.9035523
            ],
            [
              88,
              26.9035815
            ],
            [
              88,
              26.9035995
            ],
            [
              88,
              26.9036142
            ],
            [
              88,
              26.9036281
            ],
            [
              88,
              26.9036439
            ],
            [
              88,
              26.9036565
            ],
            [
              88,
              26.9036705
            ],
            [
              88,
              26.9036838
            ],
            [
              88,
              26.9037128
            ],
            [
              88,
              26.9037488
            ],
            [
              88,
              26.9037979
            ],
            [
              88,
              26.9038662
            ],
            [
              88,
              26.9039071
            ],
            [
              88,
              26.9039413
            ],
            [
              88,
              26.9039609
            ],
            [
              88,
              26.9039752
            ],
            [
              88,
              26.9040173
            ],
            [
              88,
              26.9040262
            ],
            [
              88,
              26.9040429
            ],
            [
              88,
              26.904063
            ],
            [
              88,
              26.9040837
            ],
            [
              88,
              26.9041063
            ],
            [
              88,
              26.9041293
            ],
            [
              88,
              26.9041542
            ],
            [
              88,
              26.9041616
            ],
            [
              88,
              26.9042106
            ],
            [
              88,
              26.9042571
            ],
            [
              88,
              26.9042843
            ],
            [
              88,
              26.9043163
            ],
            [
              88,
              26.9043442
            ],
            [
              88,
              26.9043768
            ],
            [
              88,
              26.9044087
            ],
            [
              88,
              26.9044465
            ],
            [
              88,
              26.9044536
            ],
            [
              88,
              26.90457
            ],
            [
              88,
              26.904602
            ],
            [
              88,
              26.904632
            ],
            [
              88,
              26.9046624
            ],
            [
              88,
              26.9047047
            ],
            [
              88,
              26.9047515
            ],
            [
              88,
              26.9047948
            ],
            [
              88,
              26.9047955
            ],
            [
              88,
              26.904821
            ],
            [
              88,
              26.9048548
            ],
            [
              88,
              26.9048834
            ],
            [
              88,
              26.9048942
            ],
            [
              88,
              26.904919
            ],
            [
              88,
              26.9049496
            ],
            [
              88,
              26.9049735
            ],
            [
              88,
              26.9049891
            ],
            [
              88,
              26.905011
            ],
            [
              88,
              26.9050115
            ],
            [
              88,
              26.9050313
            ],
            [
              88,
              26.9050409
            ],
            [
              88,
              26.905123
            ],
            [
              88,
              26.9051579
            ],
            [
              88,
              26.9051788
            ],
            [
              88,
              26.9051854
            ],
            [
              88,
              26.9052136
            ],
            [
              88,
              26.9052435
            ],
            [
              88,
              26.9052709
            ],
            [
              88,
              26.9053081
            ],
            [
              88,
              26.9053473
            ],
            [
              88,
              26.9055
            ],
            [
              88,
              26.9055485
            ],
            [
              88,
              26.9055841
            ],
            [
              88,
              26.9056242
            ],
            [
              88,
              26.9056577
            ],
            [
              88,
              26.9056925
            ],
            [
              88,
              26.9057334
            ],
            [
              88,
              26.905948
            ],
            [
              88,
              26.9060764
            ],
            [
              88,
              26.9061321
            ],
            [
              88,
              26.9062104
            ],
            [
              88,
              26.9062615
            ],
            [
              88,
              26.9063277
            ],
            [
              88,
              26.9063398
            ],
            [
              88,
              26.9063701
            ],
            [
              88,
              26.9063883
            ],
            [
              88,
              26.9064571
            ],
            [
              88,
              26.9064903
            ],
            [
              88,
              26.9065384
            ],
            [
              88,
              26.9065811
            ],
            [
              88,
              26.9066266
            ],
            [
              88,
              26.9066454
            ],
            [
              88,
              26.9066926
            ],
            [
              88,
              26.9067312
            ],
            [
              88,
              26.9067654
            ],
            [
              88,
              26.9067866
            ],
            [
              88,
              26.9067924
            ],
            [
              88,
              26.9068266
            ],
            [
              88,
              26.9068672
            ],
            [
              88,
              26.9069013
            ],
            [
              88,
              26.9069645
            ],
            [
              88,
              26.9070137
            ],
            [
              88,
              26.9070562
            ],
            [
              88,
              26.9071108
            ],
            [
              88,
              26.9071733
            ],
            [
              88,
              26.90718
            ],
            [
              88,
              26.9072183
            ],
            [
              88,
              26.9073606
            ],
            [
              88,
              26.907423
            ],
            [
              88,
              26.9074741
            ],
            [
              88,
              26.9074949
            ],
            [
              88,
              26.9075033
            ],
            [
              88,
              26.9075345
            ],
            [
              88,
              26.9075595
            ],
            [
              88,
              26.9075785
            ],
            [
              88,
              26.9075959
            ],
            [
              88,
              26.9076113
            ],
            [
              88,
              26.9076456
            ],
            [
              88,
              26.9076923
            ],
            [
              88,
              26.9077863
            ],
            [
              88,
              26.9078427
            ],
            [
              88,
              26.9078431
            ],
            [
              88,
              26.9078437
            ],
            [
              88,
              26.9078796
            ],
            [
              88,
              26.9079367
            ],
            [
              88,
              26.9080954
            ],
            [
              88,
              26.9081374
            ],
            [
              88,
              26.9081775
            ],
            [
              88,
              26.9082116
            ],
            [
              88,
              26.9082216
            ],
            [
              88,
              26.9082359
            ],
            [
              88,
              26.9083022
            ],
            [
              88,
              26.9083231
            ],
            [
              88,
              26.908343
            ],
            [
              88,
              26.9083743
            ],
            [
              88,
              26.9084171
            ],
            [
              88,
              26.9084432
            ],
            [
              88,
              26.9084451
            ],
            [
              88,
              26.9084665
            ],
            [
              88,
              26.9084779
            ],
            [
              88,
              26.9085069
            ],
            [
              88,
              26.9085883
            ],
            [
              88,
              26.9086443
            ],
            [
              88,
              26.908728
            ],
            [
              88,
              26.9088832
            ],
            [
              88,
              26.9090292
            ],
            [
              88,
              26.909209
            ],
            [
              88,
              26.9092175
            ],
            [
              88,
              26.9092822
            ],
            [
              88,
              26.9093185
            ],
            [
              88,
              26.9093503
            ],
            [
              88,
              26.9093736
            ],
            [
              88,
              26.9094091
            ],
            [
              88,
              26.9094623
            ],
            [
              88,
              26.9095391
            ],
            [
              88,
              26.9095393
            ],
            [
              88,
              26.90959
            ],
            [
              88,
              26.9096084
            ],
            [
              88,
              26.9096284
            ],
            [
              88,
              26.9096398
            ],
            [
              88,
              26.9096529
            ],
            [
              88,
              26.9096546
            ],
            [
              88,
              26.9096543
            ],
            [
              88,
              26.9096466
            ],
            [
              88,
              26.9096465
            ],
            [
              88,
              26.9096465
            ],
            [
              88,
              26.9096185
            ],
            [
              88,
              26.9095799
            ],
            [
              88,
              26.9095672
            ],
            [
              88,
              26.9095681
            ],
            [
              88,
              26.9095724
            ],
            [
              88,
              26.9095829
            ],
            [
              88,
              26.9096054
            ],
            [
              88,
              26.9096344
            ],
            [
              88,
              26.909655
            ],
            [
              88,
              26.9096762
            ],
            [
              88,
              26.9097229
            ],
            [
              88,
              26.9097769
            ],
            [
              88,
              26.9097835
            ],
            [
              88,
              26.9099525
            ],
            [
              88,
              26.9100145
            ],
            [
              88,
              26.9100767
            ],
            [
              88,
              26.9104026
            ],
            [
              88,
              26.9104959
            ],
            [
              88,
              26.9105669
            ],
            [
              88,
              26.9105734
            ],
            [
              88,
              26.910635
            ],
            [
              88,
              26.9107048
            ],
            [
              88,
              26.9107597
            ],
            [
              88,
              26.9108337
            ],
            [
              88,
              26.9108966
            ],
            [
              88,
              26.9109718
            ],
            [
              88,
              26.9109876
            ],
            [
              88,
              26.9110228
            ],
            [
              88,
              26.9110648
            ],
            [
              88,
              26.9110977
            ],
            [
              88,
              26.911125
            ],
            [
              88,
              26.9111493
            ],
            [
              88,
              26.9111789
            ],
            [
              88,
              26.9112084
            ],
            [
              88,
              26.9112718
            ],
            [
              88,
              26.9113243
            ],
            [
              88,
              26.9114489
            ],
            [
              88,
              26.911482
            ],
            [
              88,
              26.9115323
            ],
            [
              88,
              26.9115641
            ],
            [
              88,
              26.9115818
            ],
            [
              88,
              26.9116258
            ],
            [
              88,
              26.9117489
            ],
            [
              88,
              26.911855
            ],
            [
              88,
              26.9118853
            ],
            [
              88,
              26.9119177
            ],
            [
              88,
              26.9119484
            ],
            [
              88,
              26.9121745
            ],
            [
              88,
              26.9122532
            ],
            [
              88,
              26.9122914
            ],
            [
              88,
              26.9123296
            ],
            [
              88,
              26.9123728
            ],
            [
              88,
              26.9124067
            ],
            [
              88,
              26.9125942
            ],
            [
              88,
              26.912726
            ],
            [
              88,
              26.9127994
            ],
            [
              88,
              26.9128508
            ],
            [
              88,
              26.9128832
            ],
            [
              88,
              26.9129601
            ],
            [
              88,
              26.9130003
            ],
            [
              88,
              26.9130337
            ],
            [
              88,
              26.9130622
            ],
            [
              88,
              26.9130808
            ],
            [
              88,
              26.9130873
            ],
            [
              88,
              26.9130952
            ],
            [
              88,
              26.913122
            ],
            [
              88,
              26.9131686
            ],
            [
              88,
              26.9132224
            ],
            [
              88,
              26.9132466
            ],
            [
              88,
              26.9132202
            ],
            [
              88,
              26.9131663
            ],
            [
              88,
              26.9131108
            ],
            [
              88,
              26.9130904
            ],
            [
              88,
              26.9130885
            ],
            [
              88,
              26.9131105
            ],
            [
              88,
              26.9131615
            ],
            [
              88,
              26.9132192
            ],
            [
              88,
              26.9132657
            ],
            [
              88,
              26.913297
            ],
            [
              88,
              26.9133008
            ],
            [
              88,
              26.9133109
            ],
            [
              88,
              26.9132995
            ],
            [
              88,
              26.9132594
            ],
            [
              88,
              26.9132055
            ],
            [
              88,
              26.913193
            ],
            [
              88,
              26.9131867
            ],
            [
              88,
              26.9131846
            ],
            [
              88,
              26.9132109
            ],
            [
              88,
              26.9132433
            ],
            [
              88,
              26.9132704
            ],
            [
              88,
              26.9133664
            ],
            [
              88,
              26.9135195
            ],
            [
              88,
              26.9136482
            ],
            [
              88,
              26.9136669
            ],
            [
              88,
              26.9137029
            ],
            [
              88,
              26.913745
            ],
            [
              88,
              26.9138484
            ],
            [
              88,
              26.9138888
            ],
            [
              88,
              26.9139269
            ],
            [
              88,
              26.9139373
            ],
            [
              88,
              26.9139622
            ],
            [
              88,
              26.9140127
            ],
            [
              88,
              26.914058
            ],
            [
              88,
              26.9140937
            ],
            [
              88,
              26.9141233
            ],
            [
              88,
              26.9141605
            ],
            [
              88,
              26.9141873
            ],
            [
              88,
              26.9142097
            ],
            [
              88,
              26.9142266
            ],
            [
              88,
              26.9142483
            ],
            [
              88,
              26.9142637
            ],
            [
              88,
              26.9142811
            ],
            [
              88,
              26.9143062
            ],
            [
              88,
              26.9143324
            ],
            [
              88,
              26.9143729
            ],
            [
              88,
              26.9144086
            ],
            [
              88,
              26.9144186
            ],
            [
              88,
              26.9144542
            ],
            [
              88,
              26.9144986
            ],
            [
              88,
              26.9145224
            ],
            [
              88,
              26.9146072
            ],
            [
              88,
              26.9146482
            ],
            [
              88,
              26.9146638
            ],
            [
              88,
              26.9146834
            ],
            [
              88,
              26.9147344
            ],
            [
              88,
              26.9147763
            ],
            [
              88,
              26.9148339
            ],
            [
              88,
              26.9148879
            ],
            [
              88,
              26.9149194
            ],
            [
              88,
              26.9149609
            ],
            [
              88,
              26.9149895
            ],
            [
              88,
              26.9150353
            ],
            [
              88,
              26.9150628
            ],
            [
              88,
              26.9150962
            ],
            [
              88,
              26.9151145
            ],
            [
              88,
              26.9151366
            ],
            [
              88,
              26.9152286
            ],
            [
              88,
              26.9152769
            ],
            [
              88,
              26.9152774
            ],
            [
              88,
              26.9153152
            ],
            [
              88,
              26.9153396
            ],
            [
              88,
              26.9153669
            ],
            [
              88,
              26.9153928
            ],
            [
              88,
              26.915436
            ],
            [
              88,
              26.915492
            ],
            [
              88,
              26.9155007
            ],
            [
              88,
              26.9155877
            ],
            [
              88,
              26.9155897
            ],
            [
              88,
              26.9156712
            ],
            [
              88,
              26.9157169
            ],
            [
              88,
              26.9157536
            ],
            [
              88,
              26.9157877
            ],
            [
              88,
              26.9158186
            ],
            [
              88,
              26.9158861
            ],
            [
              88,
              26.9159468
            ],
            [
              88,
              26.9162414
            ],
            [
              88,
              26.9162431
            ],
            [
              88,
              26.916277
            ],
            [
              88,
              26.9162987
            ],
            [
              88,
              26.916338
            ],
            [
              88,
              26.9163933
            ],
            [
              88,
              26.9164597
            ],
            [
              88,
              26.916539
            ],
            [
              88,
              26.9166029
            ],
            [
              88,
              26.9166476
            ],
            [
              88,
              26.9166996
            ],
            [
              88,
              26.9167766
            ],
            [
              88,
              26.9168183
            ],
            [
              88,
              26.9168606
            ],
            [
              88,
              26.9168824
            ],
            [
              88,
              26.9168984
            ],
            [
              88,
              26.9169121
            ],
            [
              88,
              26.9169091
            ],
            [
              88,
              26.9169135
            ],
            [
              88,
              26.9169233
            ],
            [
              88,
              26.916951
            ],
            [
              88,
              26.9169813
            ],
            [
              88,
              26.917033
            ],
            [
              88,
              26.917196
            ],
            [
              88,
              26.9172528
            ],
            [
              88,
              26.9172707
            ],
            [
              88,
              26.9172811
            ],
            [
              88,
              26.9172859
            ],
            [
              88,
              26.9172978
            ],
            [
              88,
              26.9173081
            ],
            [
              88,
              26.9173226
            ],
            [
              88,
              26.9173296
            ],
            [
              88,
              26.9173481
            ],
            [
              88,
              26.9173801
            ],
            [
              88,
              26.9174267
            ],
            [
              88,
              26.9174487
            ],
            [
              88,
              26.9174949
            ],
            [
              88,
              26.9176615
            ],
            [
              88,
              26.9177411
            ],
            [
              88,
              26.9177901
            ],
            [
              88,
              26.9178156
            ],
            [
              88,
              26.917862
            ],
            [
              88,
              26.917899
            ],
            [
              88,
              26.9179461
            ],
            [
              88,
              26.9180001
            ],
            [
              88,
              26.9180497
            ],
            [
              88,
              26.9182371
            ],
            [
              88,
              26.918297
            ],
            [
              88,
              26.9183751
            ],
            [
              88,
              26.9184475
            ],
            [
              88,
              26.9184721
            ],
            [
              88,
              26.9185009
            ],
            [
              88,
              26.9185355
            ],
            [
              88,
              26.9185483
            ],
            [
              88,
              26.9185631
            ],
            [
              88,
              26.9185633
            ],
            [
              88,
              26.9185629
            ],
            [
              88,
              26.9185512
            ],
            [
              88,
              26.9185496
            ],
            [
              88,
              26.9185368
            ],
            [
              88,
              26.9185254
            ],
            [
              88,
              26.9185148
            ],
            [
              88,
              26.9184737
            ],
            [
              88,
              26.9184108
            ],
            [
              88,
              26.9182267
            ],
            [
              88,
              26.9182049
            ],
            [
              88,
              26.9181868
            ],
            [
              88,
              26.9181794
            ],
            [
              88,
              26.9181768
            ],
            [
              88,
              26.9181796
            ],
            [
              88,
              26.9181801
            ],
            [
              88,
              26.9181962
            ],
            [
              88,
              26.9182032
            ],
            [
              88,
              26.9182305
            ],
            [
              88,
              26.918252
            ],
            [
              88,
              26.9182531
            ],
            [
              88,
              26.9182981
            ],
            [
              88,
              26.9183445
            ],
            [
              88,
              26.9183825
            ],
            [
              88,
              26.918429
            ],
            [
              88,
              26.9184703
            ],
            [
              88,
              26.9185016
            ],
            [
              88,
              26.918547
            ],
            [
              88,
              26.9185577
            ],
            [
              88,
              26.9185831
            ],
            [
              88,
              26.91864
            ],
            [
              88,
              26.9186497
            ],
            [
              88,
              26.918661
            ],
            [
              88,
              26.9186863
            ],
            [
              88,
              26.9187311
            ],
            [
              88,
              26.9187721
            ],
            [
              88,
              26.9189664
            ],
            [
              88,
              26.91901
            ],
            [
              88,
              26.9190259
            ],
            [
              88,
              26.9190503
            ],
            [
              88,
              26.9190694
            ],
            [
              88,
              26.9190758
            ],
            [
              88,
              26.9190746
            ],
            [
              88,
              26.919064
            ],
            [
              88,
              26.9190636
            ],
            [
              88,
              26.9190631
            ],
            [
              88,
              26.9190753
            ],
            [
              88,
              26.9191025
            ],
            [
              88,
              26.9192569
            ],
            [
              88,
              26.9192847
            ],
            [
              88,
              26.9193699
            ],
            [
              88,
              26.9194464
            ],
            [
              88,
              26.9196478
            ],
            [
              88,
              26.9197129
            ],
            [
              88,
              26.9197924
            ],
            [
              88,
              26.9198351
            ],
            [
              88,
              26.9198646
            ],
            [
              88,
              26.9198713
            ],
            [
              88,
              26.9198656
            ],
            [
              88,
              26.9198609
            ],
            [
              88,
              26.9198571
            ],
            [
              88,
              26.9198628
            ],
            [
              88,
              26.9198716
            ],
            [
              88,
              26.9198884
            ],
            [
              88,
              26.9199069
            ],
            [
              88,
              26.9199207
            ],
            [
              88,
              26.9199245
            ],
            [
              88,
              26.9199192
            ],
            [
              88,
              26.9199162
            ],
            [
              88,
              26.9199321
            ],
            [
              88,
              26.9199515
            ],
            [
              88,
              26.9199771
            ],
            [
              88,
              26.9200011
            ],
            [
              88,
              26.9200237
            ],
            [
              88,
              26.9200426
            ],
            [
              88,
              26.920049
            ],
            [
              88,
              26.920046
            ],
            [
              88,
              26.9200198
            ],
            [
              88,
              26.920017
            ],
            [
              88,
              26.9200148
            ],
            [
              88,
              26.9199929
            ],
            [
              88,
              26.9199832
            ],
            [
              88,
              26.9199817
            ],
            [
              88,
              26.9199941
            ],
            [
              88,
              26.9200197
            ],
            [
              88,
              26.9200662
            ],
            [
              88,
              26.9200904
            ],
            [
              88,
              26.9200983
            ],
            [
              88,
              26.9200904
            ],
            [
              88,
              26.9200722
            ],
            [
              88,
              26.920064
            ],
            [
              88,
              26.9200689
            ],
            [
              88,
              26.9200741
            ],
            [
              88,
              26.9201015
            ],
            [
              88,
              26.9201132
            ],
            [
              88,
              26.9201347
            ],
            [
              88,
              26.9201352
            ],
            [
              88,
              26.9201885
            ],
            [
              88,
              26.9203186
            ],
            [
              88,
              26.9203455
            ],
            [
              88,
              26.9203596
            ],
            [
              88,
              26.9203677
            ],
            [
              88,
              26.9203719
            ],
            [
              88,
              26.9203757
            ],
            [
              88,
              26.9203757
            ],
            [
              88,
              26.9203738
            ],
            [
              88,
              26.9203708
            ],
            [
              88,
              26.9203689
            ],
            [
              88,
              26.9203829
            ],
            [
              88,
              26.9204163
            ],
            [
              88,
              26.9206088
            ],
            [
              88,
              26.9207459
            ],
            [
              88,
              26.9207912
            ],
            [
              88,
              26.9208327
            ],
            [
              88,
              26.9209087
            ],
            [
              88,
              26.9210625
            ],
            [
              88,
              26.9211065
            ],
            [
              88,
              26.9211236
            ],
            [
              88,
              26.9211229
            ],
            [
              88,
              26.9211182
            ],
            [
              88,
              26.9210537
            ],
            [
              88,
              26.9209425
            ],
            [
              88,
              26.9209297
            ],
            [
              88,
              26.9209155
            ],
            [
              88,
              26.9208886
            ],
            [
              88,
              26.9208427
            ],
            [
              88,
              26.9208026
            ],
            [
              88,
              26.9207861
            ],
            [
              88,
              26.9207755
            ],
            [
              88,
              26.9207609
            ],
            [
              88,
              26.9207388
            ],
            [
              88,
              26.9206786
            ],
            [
              88,
              26.9206149
            ],
            [
              88,
              26.9204688
            ],
            [
              88,
              26.9204239
            ],
            [
              88,
              26.9203786
            ],
            [
              88,
              26.9203522
            ],
            [
              88,
              26.9203399
            ],
            [
              88,
              26.9201713
            ],
            [
              88,
              26.9200641
            ],
            [
              88,
              26.9200498
            ],
            [
              88,
              26.9198481
            ],
            [
              88,
              26.9196225
            ],
            [
              88,
              26.9194548
            ],
            [
              88,
              26.9194416
            ],
            [
              88,
              26.9193914
            ],
            [
              88,
              26.9193639
            ],
            [
              88,
              26.9193643
            ],
            [
              88,
              26.9193692
            ],
            [
              88,
              26.9193881
            ],
            [
              88,
              26.9193793
            ],
            [
              88,
              26.9193712
            ],
            [
              88,
              26.9193508
            ],
            [
              88,
              26.9193508
            ],
            [
              88,
              26.9193463
            ],
            [
              88,
              26.9193315
            ],
            [
              88,
              26.9193332
            ],
            [
              88,
              26.9193537
            ],
            [
              88,
              26.919394
            ],
            [
              88,
              26.9195032
            ],
            [
              88,
              26.919713
            ],
            [
              88,
              26.9198009
            ],
            [
              88,
              26.9198358
            ],
            [
              88,
              26.9198824
            ],
            [
              88,
              26.9199102
            ],
            [
              88,
              26.9199485
            ],
            [
              88,
              26.9199763
            ],
            [
              88,
              26.9199775
            ],
            [
              88,
              26.9199791
            ],
            [
              88,
              26.9199644
            ],
            [
              88,
              26.919924
            ],
            [
              88,
              26.9198625
            ],
            [
              88,
              26.9197527
            ],
            [
              88,
              26.9197517
            ],
            [
              88,
              26.9197633
            ],
            [
              88,
              26.9198031
            ],
            [
              88,
              26.919819
            ],
            [
              88,
              26.9198445
            ],
            [
              88,
              26.9199293
            ],
            [
              88,
              26.9199813
            ],
            [
              88,
              26.9200181
            ],
            [
              88,
              26.9200474
            ],
            [
              88,
              26.9201268
            ],
            [
              88,
              26.9203007
            ],
            [
              88,
              26.9203365
            ],
            [
              88,
              26.9205055
            ],
            [
              88,
              26.9207105
            ],
            [
              88,
              26.9208375
            ],
            [
              88,
              26.9208631
            ],
            [
              88,
              26.9208944
            ],
            [
              88,
              26.9210331
            ],
            [
              88,
              26.9211528
            ],
            [
              88,
              26.9213268
            ],
            [
              88,
              26.9214938
            ],
            [
              88,
              26.9215382
            ],
            [
              88,
              26.9215834
            ],
            [
              88,
              26.9216225
            ],
            [
              88,
              26.9216813
            ],
            [
              88,
              26.9217502
            ],
            [
              88,
              26.9219363
            ],
            [
              88,
              26.9220603
            ],
            [
              88,
              26.9221042
            ],
            [
              88,
              26.9221322
            ],
            [
              88,
              26.9221787
            ],
            [
              88,
              26.9222071
            ],
            [
              88,
              26.9223197
            ],
            [
              88,
              26.922365
            ],
            [
              88,
              26.9223724
            ],
            [
              88,
              26.922406
            ],
            [
              88,
              26.9224473
            ],
            [
              88,
              26.9224894
            ],
            [
              88,
              26.9225293
            ],
            [
              88,
              26.9225816
            ],
            [
              88,
              26.9227302
            ],
            [
              88,
              26.9229068
            ],
            [
              88,
              26.9229602
            ],
            [
              88,
              26.9230155
            ],
            [
              88,
              26.923061
            ]
          ]
        ]
      }
    }
  ]
}